id,text
1mim8ot,"Another downside and the elephant in the room with the Flow Z13 is onboard storage. It comes with an M2 slot. This is great. It's a 2230 slot. This is terrible. The only shipping option here is a 1TB drive, which I managed to completely saturate within the first 30 minutes (onboard WiFi 7 FTW!!!). The thing is, because it's the stupid 2230 form factor, you're limited to just 2TB even if you upgrade. As someone who has 2 (TWO) 8TB 2280 drives in his Scar 18, the lack of any real storage option here is criminal and will be a serious bottleneck if you're buying this for gaming. 100GB games are pretty standard, and in the case of stuff like Black Ops 6, well, it's a SERIOUS problem. Again, the WiFi 7 mitigates this somewhat, but still..."
1lf5m5r,"I really like the Asus ROG Zephyrus G16 design and specs, but the RAM is not upgradeable, and choosing 64GB RAM, the price goes way too much for me, and I might not need 64GB RAM, so its a big downside for me."
1kfk4k6,"Next, I came across the new AMD Strix Halo chip and the ASUS Flow Z13. This seems *exactly* like what I’ve been looking for: great build quality, strong performance, unified memory (a bit slower for DL/LLMs, but still acceptable), and the form factor is actually a plus for me since I usually connect to an ultrawide monitor at home. The only downside is the price, it’s a bit high, but I can afford it."
1mgoccs,"Only downside? The bottom is plastic, so it lacks that full premium unibody feel. But unless you’re carrying it around a lot, it’s a non-issue. People mentioned keyboard flex but I didn’t experience any in daily use. And I’m a weightlifter and former lineman with 10.5-inch bear paws. I only got flex when I intentionally tried to flex the keyboard by pressing hard."
1lt81mh,"Quite a big step up from what I have, and I don't have 1000$ to spare like that, but it's something that I can save up for a couple of months to get. Why this laptop you may be asking? This is my main choice of lap because of how long lasting it is supposed to be. The modular design of the entire laptop will make it simple to swap out any malfunctioning parts while still being a decent enough machine, with a decent CPU with plenty of storage for assignments, work, games and photos. I want a laptop that will last years, something that I can buy once for a hefty price and keep for a decade. I've also looked at ThinkPads, mostly at the T480 models because of how tuff and repairable they are, but I want something a bit more futureproof and a bit more powerful. Only downside I see to this is that I don't live in a country where Framework currently ships to, but I can sure get someone to bring it to me, but I'm not so sure about the parts."
1ldxaeq,"* It seems pretty common now, but I really like that my current laptop has three USB-C ports which allows me to plug in my charger on either side. Only downside is that I dislike having to use a dongle/adapter to plug in older USBs and my HDMI cables. Would love to see something that has USB-Cs as well as an HDMI plug-in and older USB ports."
1m5do63,"I am a computer science engineering student. Currently I own an Ideapad Flex 5 14ABR8. Its biggest weakness to me is its 8GB of RAM, but overall it's serves well."
1m6ath8,"* **Any specific requirements such as good keyboard, reliable build quality, touch-screen, finger-print reader, optical drive or good input devices (keyboard/touchpad)?** A 100% sRGB screen for color grading in Lightroom and DaVinci Resolve would be nice, but it is not a deal breaker. The IO needs to have a USB-A and HDMI port for giving presentations, etc. I prefer computers that I can upgrade in the future, so soldered RAM is a downside, but not a dealbreaker. On the flipside, extra RAM or M.2 slots would be a bonus for easy upgradeability."
1ly9nut,"A touch screen isn't a downside, but I only use the one I have 2-3 times a year."
1m8dliy,"* **How important is weight and thinness to you?** Not very. Something really heavy and chunky might be a downside, but even then it wouldn't be a deal breaker."
jvq3do,"This would still be fine, if not for one major downside: **it's only one workload**. SPEC2017 *contains* a Blender run, which is conceptually very similar to Cinebench, but it is not *just* a Blender run. Unless the work you do is actually offline, CPU based rendering, which for the M1 it probably isn't, Cinebench is not a great general-purpose benchmark."
monpdw,"Rocket Lake generally comes off better on gaming performance and even achieves a point victory over Zen 3 in the pure eight-core field - the Core i9-11900K/KF positions itself ahead of the Ryzen 7 5800X by +1.5%. The fears about a possible ""gaming weakness"" by Rocket Lake, which were aroused by some pre-release tests, were clearly not confirmed. This just results by AnandTech's test approach, which strongly favors the Zen 3 processors in games, deviating itself from other hardware tests."
1l8yden,"In addition, the Radeon RX 9060 XT 8GB is unlikely to receive such a good rating. The VRAM disadvantage is simply too significant for a new graphics card purchase in 2025. However, there are still too few reviews on this 8 GB variant."
cg188j,"Due to the low air flow rates compared to an axial fan ( low static pressure, high air flow) the blower style cooler is already at a disadvantage."
108ay99,"Benchmarks by [ComputerBase](https://www.computerbase.de/2023-01/nvidia-geforce-rtx-4070-ti-test/), [Hardware Upgrade](https://www.hwupgrade.it/articoli/skvideo/6448/nvidia-geforce-rtx-4070-ti-alla-prova-la-potenza-della-rtx-3090-ti-con-il-dlss-3-nel-taschino_index.html), [Igor's Lab](https://www.igorslab.de/nvidia-macht-die-not-zur-tugend-msi-geforce-rtx-4070-ti-suprim-x-12-gb-im-test/), [KitGuru](https://www.kitguru.net/components/graphic-cards/dominic-moass/nvidia-rtx-4070-ti-review-ft-gigabyte-gaming-oc/), [Le Comptoir du Hardware](https://www.comptoir-hardware.com/articles/cartes-graphiques/47116-test-nvidia-geforce-rtx-4070-ti.html), [PC Games Hardware](https://www.pcgameshardware.de/Geforce-RTX-4070-Ti-Grafikkarte-279172/Tests/Vergleich-gegen-Radeon-RX-7900-XT-1409936/), [PurePC](https://www.purepc.pl/test-karty-graficznej-gigabyte-geforce-rtx-4070-ti-gaming-miales-byc-geforce-rtx-4080-12-gb-jednak-wyszlo-inaczej), [Quasarzone](https://quasarzone.com/bbs/qc_bench/views/83414), [TechPowerUp](https://www.techpowerup.com/review/msi-geforce-rtx-4070-ti-gaming-x/), [TechSpot](https://www.techspot.com/review/2601-nvidia-geforce-rtx-4070-ti/), [Tom's Hardware](https://www.tomshardware.com/reviews/nvidia-geforce-rtx-4070-ti-review-a-costly-70-class-gpu), [Tweakers](https://tweakers.net/reviews/10744/nvidia-geforce-rtx-4070-ti-de-gedegradeerde-4080.html)"
idevlg,"However, within and around the case, it's quite accurate, computationally cheap (only 30 hours for a single simulation on an 8-core CPU isn't half bad), and affordable to use without resorting to renting / spinning up a small compute cluster. Only downside, it eats up RAM at a pace that would make Google Chrome blush..."
uba2a9,"The Ryzen 7 5800X3D have a ""weakness"" on memory scaling performance: DDR4/3200 vs DDR4/3800 give just +1% more performance at gaming."
dt7phx,Huawei will not be that successful when other chinese companies still use google apps and services. It will create unfair disadvantage for Huawei since most app makers will not have the incentive to support them when its only Huawei having a different platform. This is the same problem Windows phone faced and ultimately failed. And these other chinese companies like Xiaomi will not take the tough decision and sacrifices needed to get rid of US dependence as long as they are not also banned.
hrptro,"But a **historical weakness** of many *fast charging* phones is that the charging speed is **severely throttled** while the device is in use. Fast charging thus only works when the device is in stand-by mode or powered off, which means that **one can not use the device and charge fast at the same time.** Screen-on charging speed is equally as important, because not being able to up the battery quickly while using the device at the same time is very, very inconvenient."
