title,text,subreddit,score,num_comments,created_utc,search_term,month,combined_text,cleaned_text,sentiment_compound,sentiment_pos,sentiment_neu,sentiment_neg,sentiment_sentiment,categories,keywords
Pet Travel Discussion #1,Cargo hold temperature concerns for pet safety during long flights.,flying,19,17,2024-08-24 22:58:14.879107,dog airplane cargo,2024-08,Pet Travel Discussion #1 Cargo hold temperature concerns for pet safety during long flights.,discussion hold temperature concerns safety long flights.,0.4215,0.318,0.682,0.0,positive,['positive_experience'],"['concerns', 'concerns safety', 'discussion', 'discussion hold', 'flights', 'hold', 'hold temperature', 'long', 'long flights', 'safety']"
Pet Travel Discussion #2,Comfortable pet travel possible with right airline and preparation.,flying,25,2,2025-07-08 22:58:14.879107,pet travel flight,2025-07,Pet Travel Discussion #2 Comfortable pet travel possible with right airline and preparation.,discussion comfortable possible right preparation.,0.5106,0.452,0.548,0.0,positive,['positive_experience'],"['comfortable', 'comfortable possible', 'discussion', 'discussion comfortable', 'possible', 'possible right', 'preparation', 'right', 'right preparation']"
Pet Travel Discussion #3,Pet cargo temperature monitoring essential for animal safety.,aviation,17,14,2025-07-04 22:58:14.879107,dog anxiety plane,2025-07,Pet Travel Discussion #3 Pet cargo temperature monitoring essential for animal safety.,discussion temperature monitoring essential animal safety.,0.4215,0.359,0.641,0.0,positive,['positive_experience'],"['animal', 'animal safety', 'discussion', 'discussion temperature', 'essential', 'essential animal', 'monitoring', 'monitoring essential', 'safety', 'temperature']"
Pet Travel Discussion #4,Pet travel documents needed: health certificate and vaccination records.,travel,19,2,2024-08-29 22:58:14.879107,airline pet rules,2024-08,Pet Travel Discussion #4 Pet travel documents needed: health certificate and vaccination records.,discussion documents needed health certificate vaccination records.,0.0,0.0,1.0,0.0,neutral,['policy_info'],"['certificate', 'certificate vaccination', 'discussion', 'discussion documents', 'documents', 'documents needed', 'health', 'health certificate', 'needed', 'needed health']"
Pet Travel Discussion #5,Dog died in cargo hold during United flight. This is so dangerous for animals.,flying,27,14,2024-11-18 22:58:14.879107,pet travel flight,2024-11,Pet Travel Discussion #5 Dog died in cargo hold during United flight. This is so dangerous for animals.,discussion died hold united flight. dangerous animals.,-0.5994,0.207,0.296,0.496,negative,"['safety_concern', 'airline_specific']","['animals', 'dangerous', 'dangerous animals', 'died', 'died hold', 'discussion', 'discussion died', 'flight', 'flight dangerous', 'hold']"
Pet Travel Discussion #6,Airline staff were caring and professional with pet baggage compartment handling.,puppy,37,0,2025-07-13 22:58:14.879107,dog died cargo hold,2025-07,Pet Travel Discussion #6 Airline staff were caring and professional with pet baggage compartment handling.,discussion staff caring professional baggage compartment handling.,0.4939,0.348,0.652,0.0,positive,['positive_experience'],"['baggage', 'baggage compartment', 'caring', 'caring professional', 'compartment', 'compartment handling', 'discussion', 'discussion staff', 'handling', 'professional']"
Pet Travel Discussion #7,Dog carrier must meet airline requirements. Size and ventilation important.,aviation,31,7,2024-10-21 22:58:14.879107,dog airplane cargo,2024-10,Pet Travel Discussion #7 Dog carrier must meet airline requirements. Size and ventilation important.,discussion carrier must meet requirements. size ventilation important.,0.2023,0.205,0.795,0.0,positive,['policy_info'],"['carrier', 'carrier meet', 'discussion', 'discussion carrier', 'important', 'meet', 'meet requirements', 'requirements', 'requirements size', 'size']"
Pet Travel Discussion #8,Pet travel tips: always use IATA approved carrier and check airline pet policy.,TravelAdvice,37,1,2024-08-03 22:58:14.879107,pet carrier flight,2024-08,Pet Travel Discussion #8 Pet travel tips: always use IATA approved carrier and check airline pet policy.,discussion tips always use iata approved carrier check policy.,0.4215,0.259,0.741,0.0,positive,"['policy_info', 'practical_tip']","['approved', 'approved carrier', 'carrier', 'carrier check', 'check', 'check policy', 'discussion', 'discussion tips', 'iata', 'iata approved']"
Pet Travel Discussion #9,Pet died in cargo during summer heat. Airlines need better climate control.,dogs,45,12,2025-02-10 22:58:14.879107,dog anxiety plane,2025-02,Pet Travel Discussion #9 Pet died in cargo during summer heat. Airlines need better climate control.,discussion died summer heat. airlines better climate control.,-0.1779,0.232,0.48,0.288,negative,['safety_concern'],"['airlines', 'airlines better', 'better', 'better climate', 'climate', 'climate control', 'control', 'died', 'died summer', 'discussion']"
Pet Travel Discussion #10,My dog had a terrible experience in cargo hold. Very stressed and scared during the flight.,petadvice,12,6,2025-05-26 22:58:14.879107,dog anxiety plane,2025-05,Pet Travel Discussion #10 My dog had a terrible experience in cargo hold. Very stressed and scared during the flight.,discussion terrible experience hold. stressed scared flight.,-0.8126,0.0,0.323,0.677,negative,"['safety_concern', 'practical_tip']","['discussion', 'discussion terrible', 'experience', 'experience hold', 'flight', 'hold', 'hold stressed', 'scared', 'scared flight', 'stressed']"
Pet Travel Discussion #11,Dog died in baggage compartment hold during United flight. This is so dangerous for pets.,aviation,38,25,2024-11-05 22:58:14.879107,pet cargo death,2024-11,Pet Travel Discussion #11 Dog died in baggage compartment hold during United flight. This is so dangerous for pets.,discussion died baggage compartment hold united flight. dangerous pets.,-0.5994,0.181,0.387,0.432,negative,"['safety_concern', 'airline_specific']","['baggage', 'baggage compartment', 'compartment', 'compartment hold', 'dangerous', 'dangerous pets', 'died', 'died baggage', 'discussion', 'discussion died']"
Pet Travel Discussion #12,My puppy had a terrible experience in cargo hold. Very stressed and scared during the flight.,flying,24,9,2025-02-05 22:58:14.879107,dog airplane cargo,2025-02,Pet Travel Discussion #12 My puppy had a terrible experience in cargo hold. Very stressed and scared during the flight.,discussion puppy terrible experience hold. stressed scared flight.,-0.8126,0.0,0.373,0.627,negative,"['safety_concern', 'practical_tip']","['discussion', 'discussion puppy', 'experience', 'experience hold', 'flight', 'hold', 'hold stressed', 'puppy', 'puppy terrible', 'scared']"
Pet Travel Discussion #13,American Airlines pet cargo service was professional. Dog arrived safely.,pets,18,11,2025-04-30 22:58:14.879107,dog died cargo hold,2025-04,Pet Travel Discussion #13 American Airlines pet cargo service was professional. Dog arrived safely.,discussion american airlines service professional. arrived safely.,0.4939,0.348,0.652,0.0,positive,"['positive_experience', 'airline_specific']","['airlines', 'airlines service', 'american', 'american airlines', 'arrived', 'arrived safely', 'discussion', 'discussion american', 'professional', 'professional arrived']"
Pet Travel Discussion #14,Cargo hold temperature concerns for pet safety during long flights.,TravelAdvice,16,23,2024-08-17 22:58:14.879107,pet carrier flight,2024-08,Pet Travel Discussion #14 Cargo hold temperature concerns for pet safety during long flights.,discussion hold temperature concerns safety long flights.,0.4215,0.318,0.682,0.0,positive,['positive_experience'],"['concerns', 'concerns safety', 'discussion', 'discussion hold', 'flights', 'hold', 'hold temperature', 'long', 'long flights', 'safety']"
Pet Travel Discussion #15,Cargo hold temperature concerns for pet safety during long flights.,AirTravel,45,14,2025-03-24 22:58:14.879107,airline pet policy,2025-03,Pet Travel Discussion #15 Cargo hold temperature concerns for pet safety during long flights.,discussion hold temperature concerns safety long flights.,0.4215,0.318,0.682,0.0,positive,['positive_experience'],"['concerns', 'concerns safety', 'discussion', 'discussion hold', 'flights', 'hold', 'hold temperature', 'long', 'long flights', 'safety']"
Pet Travel Discussion #16,Delta airlines has excellent pet policy. My dog traveled safely in cargo compartment.,DogAdvice,17,5,2024-12-31 22:58:14.879107,dog anxiety plane,2024-12,Pet Travel Discussion #16 Delta airlines has excellent pet policy. My dog traveled safely in cargo compartment.,discussion delta airlines excellent policy. traveled safely compartment.,0.7845,0.535,0.465,0.0,positive,"['positive_experience', 'policy_info', 'airline_specific']","['airlines', 'airlines excellent', 'compartment', 'delta', 'delta airlines', 'discussion', 'discussion delta', 'excellent', 'excellent policy', 'policy']"
Pet Travel Discussion #17,Pet carrier size restrictions vary by airline. Check before booking.,dogs,35,6,2024-08-11 22:58:14.879107,dog anxiety plane,2024-08,Pet Travel Discussion #17 Pet carrier size restrictions vary by airline. Check before booking.,discussion carrier size restrictions vary airline. check booking.,0.0,0.0,1.0,0.0,neutral,['general'],"['airline', 'airline check', 'booking', 'carrier', 'carrier size', 'check', 'check booking', 'discussion', 'discussion carrier', 'restrictions']"
Pet Travel Discussion #18,Cargo hold temperature concerns for pet safety during long flights.,petadvice,1,23,2025-06-23 22:58:14.879107,pet travel flight,2025-06,Pet Travel Discussion #18 Cargo hold temperature concerns for pet safety during long flights.,discussion hold temperature concerns safety long flights.,0.4215,0.318,0.682,0.0,positive,['positive_experience'],"['concerns', 'concerns safety', 'discussion', 'discussion hold', 'flights', 'hold', 'hold temperature', 'long', 'long flights', 'safety']"
Pet Travel Discussion #19,Dog travel experience was smooth with proper preparation and carrier.,flying,12,6,2024-12-28 22:58:14.879107,pet cargo death,2024-12,Pet Travel Discussion #19 Dog travel experience was smooth with proper preparation and carrier.,discussion experience smooth proper preparation carrier.,0.0,0.0,1.0,0.0,neutral,"['positive_experience', 'practical_tip']","['carrier', 'discussion', 'discussion experience', 'experience', 'experience smooth', 'preparation', 'preparation carrier', 'proper', 'proper preparation', 'smooth']"
Pet Travel Discussion #20,Pet carrier size restrictions vary by airline. Check before booking.,TravelAdvice,40,15,2025-06-27 22:58:14.879107,pet travel flight,2025-06,Pet Travel Discussion #20 Pet carrier size restrictions vary by airline. Check before booking.,discussion carrier size restrictions vary airline. check booking.,0.0,0.0,1.0,0.0,neutral,['general'],"['airline', 'airline check', 'booking', 'carrier', 'carrier size', 'check', 'check booking', 'discussion', 'discussion carrier', 'restrictions']"
Pet Travel Discussion #21,Airline pet carrier requirements are very strict. Make sure to check size limits.,aviation,13,5,2024-10-25 22:58:14.879107,airline pet policy,2024-10,Pet Travel Discussion #21 Airline pet carrier requirements are very strict. Make sure to check size limits.,discussion carrier requirements strict. make sure check size limits.,0.3182,0.223,0.777,0.0,positive,['policy_info'],"['carrier', 'carrier requirements', 'check', 'check size', 'discussion', 'discussion carrier', 'limits', 'make', 'make sure', 'requirements']"
Pet Travel Discussion #22,Dog travel experience was smooth with proper preparation and carrier.,AirTravel,34,9,2024-12-12 22:58:14.879107,dog anxiety plane,2024-12,Pet Travel Discussion #22 Dog travel experience was smooth with proper preparation and carrier.,discussion experience smooth proper preparation carrier.,0.0,0.0,1.0,0.0,neutral,"['positive_experience', 'practical_tip']","['carrier', 'discussion', 'discussion experience', 'experience', 'experience smooth', 'preparation', 'preparation carrier', 'proper', 'proper preparation', 'smooth']"
Pet Travel Discussion #23,Cargo hold temperature concerns for pet safety during long flights.,puppy,23,13,2025-04-04 22:58:14.879107,dog died cargo hold,2025-04,Pet Travel Discussion #23 Cargo hold temperature concerns for pet safety during long flights.,discussion hold temperature concerns safety long flights.,0.4215,0.318,0.682,0.0,positive,['positive_experience'],"['concerns', 'concerns safety', 'discussion', 'discussion hold', 'flights', 'hold', 'hold temperature', 'long', 'long flights', 'safety']"
Pet Travel Discussion #24,My dog had a terrible experience in cargo hold. Very stressed and scared during the flight.,DogAdvice,34,2,2025-03-06 22:58:14.879107,dog airplane cargo,2025-03,Pet Travel Discussion #24 My dog had a terrible experience in cargo hold. Very stressed and scared during the flight.,discussion terrible experience hold. stressed scared flight.,-0.8126,0.0,0.323,0.677,negative,"['safety_concern', 'practical_tip']","['discussion', 'discussion terrible', 'experience', 'experience hold', 'flight', 'hold', 'hold stressed', 'scared', 'scared flight', 'stressed']"
Pet Travel Discussion #25,Airline pet policy comparison shows big differences in care standards.,AirTravel,25,12,2025-02-10 22:58:14.879107,pet travel flight,2025-02,Pet Travel Discussion #25 Airline pet policy comparison shows big differences in care standards.,discussion policy comparison shows big differences care standards.,0.4939,0.314,0.686,0.0,positive,['policy_info'],"['big', 'big differences', 'care', 'care standards', 'comparison', 'comparison shows', 'differences', 'differences care', 'discussion', 'discussion policy']"
Pet Travel Discussion #26,Pet carrier size restrictions vary by airline. Check before booking.,AirTravel,24,24,2025-01-06 22:58:14.879107,pet cargo death,2025-01,Pet Travel Discussion #26 Pet carrier size restrictions vary by airline. Check before booking.,discussion carrier size restrictions vary airline. check booking.,0.0,0.0,1.0,0.0,neutral,['general'],"['airline', 'airline check', 'booking', 'carrier', 'carrier size', 'check', 'check booking', 'discussion', 'discussion carrier', 'restrictions']"
Pet Travel Discussion #27,Dog anxiety medication helped during cargo flight experience.,flying,35,0,2024-08-16 22:58:14.879107,airline pet rules,2024-08,Pet Travel Discussion #27 Dog anxiety medication helped during cargo flight experience.,discussion anxiety medication helped experience.,-0.1779,0.0,0.702,0.298,negative,"['safety_concern', 'practical_tip']","['anxiety', 'anxiety medication', 'discussion', 'discussion anxiety', 'experience', 'helped', 'helped experience', 'medication', 'medication helped']"
Pet Travel Discussion #28,Professional pet travel service ensures safe cargo transportation.,flying,38,8,2025-05-25 22:58:14.879107,airline pet policy,2025-05,Pet Travel Discussion #28 Professional pet travel service ensures safe cargo transportation.,discussion professional service ensures safe transportation.,0.4404,0.367,0.633,0.0,positive,['positive_experience'],"['discussion', 'discussion professional', 'ensures', 'ensures safe', 'professional', 'professional service', 'safe', 'safe transportation', 'service', 'service ensures']"
Pet Travel Discussion #29,Delta airlines has excellent pet policy. My dog traveled safely in baggage compartment compartment.,DogAdvice,32,9,2025-03-08 22:58:14.879107,pet cargo death,2025-03,Pet Travel Discussion #29 Delta airlines has excellent pet policy. My dog traveled safely in baggage compartment compartment.,discussion delta airlines excellent policy. traveled safely baggage compartment compartment.,0.7845,0.463,0.537,0.0,positive,"['positive_experience', 'policy_info', 'airline_specific']","['compartment', 'airlines', 'airlines excellent', 'baggage', 'baggage compartment', 'compartment compartment', 'delta', 'delta airlines', 'discussion', 'discussion delta']"
Pet Travel Discussion #30,Dog died in cargo hold during United flight. This is so dangerous for pets.,petadvice,24,13,2025-06-15 22:58:14.879107,airline pet policy,2025-06,Pet Travel Discussion #30 Dog died in cargo hold during United flight. This is so dangerous for pets.,discussion died hold united flight. dangerous pets.,-0.5994,0.207,0.296,0.496,negative,"['safety_concern', 'airline_specific']","['dangerous', 'dangerous pets', 'died', 'died hold', 'discussion', 'discussion died', 'flight', 'flight dangerous', 'hold', 'hold united']"
Pet Travel Discussion #31,Dog travel experience was smooth with proper preparation and carrier.,aviation,30,21,2025-04-15 22:58:14.879107,airline pet policy,2025-04,Pet Travel Discussion #31 Dog travel experience was smooth with proper preparation and carrier.,discussion experience smooth proper preparation carrier.,0.0,0.0,1.0,0.0,neutral,"['positive_experience', 'practical_tip']","['carrier', 'discussion', 'discussion experience', 'experience', 'experience smooth', 'preparation', 'preparation carrier', 'proper', 'proper preparation', 'smooth']"
Pet Travel Discussion #32,Dog died in cargo hold during United flight. This is so dangerous for pets.,puppy,26,24,2024-11-20 22:58:14.879107,pet travel flight,2024-11,Pet Travel Discussion #32 Dog died in cargo hold during United flight. This is so dangerous for pets.,discussion died hold united flight. dangerous pets.,-0.5994,0.207,0.296,0.496,negative,"['safety_concern', 'airline_specific']","['dangerous', 'dangerous pets', 'died', 'died hold', 'discussion', 'discussion died', 'flight', 'flight dangerous', 'hold', 'hold united']"
Pet Travel Discussion #33,Pet travel tips: always use IATA approved carrier and check airline pet policy.,flying,5,12,2025-02-21 22:58:14.879107,dog anxiety plane,2025-02,Pet Travel Discussion #33 Pet travel tips: always use IATA approved carrier and check airline pet policy.,discussion tips always use iata approved carrier check policy.,0.4215,0.259,0.741,0.0,positive,"['policy_info', 'practical_tip']","['approved', 'approved carrier', 'carrier', 'carrier check', 'check', 'check policy', 'discussion', 'discussion tips', 'iata', 'iata approved']"
Pet Travel Discussion #34,Pet cargo temperature monitoring essential for animal safety.,aviation,10,13,2024-09-06 22:58:14.879107,dog airplane cargo,2024-09,Pet Travel Discussion #34 Pet cargo temperature monitoring essential for animal safety.,discussion temperature monitoring essential animal safety.,0.4215,0.359,0.641,0.0,positive,['positive_experience'],"['animal', 'animal safety', 'discussion', 'discussion temperature', 'essential', 'essential animal', 'monitoring', 'monitoring essential', 'safety', 'temperature']"
Pet Travel Discussion #35,Pet travel documents needed: health certificate and vaccination records.,TravelAdvice,37,15,2025-07-11 22:58:14.879107,airline pet rules,2025-07,Pet Travel Discussion #35 Pet travel documents needed: health certificate and vaccination records.,discussion documents needed health certificate vaccination records.,0.0,0.0,1.0,0.0,neutral,['policy_info'],"['certificate', 'certificate vaccination', 'discussion', 'discussion documents', 'documents', 'documents needed', 'health', 'health certificate', 'needed', 'needed health']"
Pet Travel Discussion #36,Pet baggage compartment temperature monitoring essential for animal safety.,flying,24,8,2024-11-01 22:58:14.879107,airline pet rules,2024-11,Pet Travel Discussion #36 Pet baggage compartment temperature monitoring essential for animal safety.,discussion baggage compartment temperature monitoring essential animal safety.,0.4215,0.286,0.714,0.0,positive,['positive_experience'],"['animal', 'animal safety', 'baggage', 'baggage compartment', 'compartment', 'compartment temperature', 'discussion', 'discussion baggage', 'essential', 'essential animal']"
Pet Travel Discussion #37,Pet cargo temperature monitoring essential for animal safety.,DogAdvice,23,8,2025-07-24 22:58:14.879107,dog airplane cargo,2025-07,Pet Travel Discussion #37 Pet cargo temperature monitoring essential for animal safety.,discussion temperature monitoring essential animal safety.,0.4215,0.359,0.641,0.0,positive,['positive_experience'],"['animal', 'animal safety', 'discussion', 'discussion temperature', 'essential', 'essential animal', 'monitoring', 'monitoring essential', 'safety', 'temperature']"
Pet Travel Discussion #38,Pet carrier size restrictions vary by airline. Check before booking.,aviation,16,2,2025-02-03 22:58:14.879107,dog anxiety plane,2025-02,Pet Travel Discussion #38 Pet carrier size restrictions vary by airline. Check before booking.,discussion carrier size restrictions vary airline. check booking.,0.0,0.0,1.0,0.0,neutral,['general'],"['airline', 'airline check', 'booking', 'carrier', 'carrier size', 'check', 'check booking', 'discussion', 'discussion carrier', 'restrictions']"
Pet Travel Discussion #39,Airline staff were caring and professional with pet baggage compartment handling.,pets,34,3,2025-03-06 22:58:14.879107,airline pet policy,2025-03,Pet Travel Discussion #39 Airline staff were caring and professional with pet baggage compartment handling.,discussion staff caring professional baggage compartment handling.,0.4939,0.348,0.652,0.0,positive,['positive_experience'],"['baggage', 'baggage compartment', 'caring', 'caring professional', 'compartment', 'compartment handling', 'discussion', 'discussion staff', 'handling', 'professional']"
Pet Travel Discussion #40,Dog died in cargo hold during United flight. This is so dangerous for pets.,petadvice,38,5,2024-11-26 22:58:14.879107,pet travel flight,2024-11,Pet Travel Discussion #40 Dog died in cargo hold during United flight. This is so dangerous for pets.,discussion died hold united flight. dangerous pets.,-0.5994,0.207,0.296,0.496,negative,"['safety_concern', 'airline_specific']","['dangerous', 'dangerous pets', 'died', 'died hold', 'discussion', 'discussion died', 'flight', 'flight dangerous', 'hold', 'hold united']"
Pet Travel Discussion #41,Professional pet travel service ensures safe cargo transportation.,pets,22,2,2024-10-27 22:58:14.879107,dog died cargo hold,2024-10,Pet Travel Discussion #41 Professional pet travel service ensures safe cargo transportation.,discussion professional service ensures safe transportation.,0.4404,0.367,0.633,0.0,positive,['positive_experience'],"['discussion', 'discussion professional', 'ensures', 'ensures safe', 'professional', 'professional service', 'safe', 'safe transportation', 'service', 'service ensures']"
Pet Travel Discussion #42,Dog baggage compartment death statistics are concerning. Need better regulations.,dogs,-5,21,2025-05-27 22:58:14.879107,airline pet rules,2025-05,Pet Travel Discussion #42 Dog baggage compartment death statistics are concerning. Need better regulations.,discussion baggage compartment death statistics concerning. better regulations.,-0.25,0.227,0.469,0.305,negative,"['safety_concern', 'policy_info']","['baggage', 'baggage compartment', 'better', 'better regulations', 'compartment', 'compartment death', 'concerning', 'concerning better', 'death', 'death statistics']"
Pet Travel Discussion #43,Korean Air pet policy allows puppys in cargo with proper carrier.,dogs,3,25,2025-02-21 22:58:14.879107,dog died cargo hold,2025-02,Pet Travel Discussion #43 Korean Air pet policy allows puppys in cargo with proper carrier.,discussion korean air policy allows puppys proper carrier.,0.0,0.0,1.0,0.0,neutral,"['policy_info', 'airline_specific']","['air', 'air policy', 'allows', 'allows puppys', 'carrier', 'discussion', 'discussion korean', 'korean', 'korean air', 'policy']"
Pet Travel Discussion #44,Airline staff were caring and professional with pet cargo handling.,dogs,-3,20,2024-12-02 22:58:14.879107,pet cargo death,2024-12,Pet Travel Discussion #44 Airline staff were caring and professional with pet cargo handling.,discussion staff caring professional handling.,0.4939,0.444,0.556,0.0,positive,['positive_experience'],"['caring', 'caring professional', 'discussion', 'discussion staff', 'handling', 'professional', 'professional handling', 'staff', 'staff caring']"
Pet Travel Discussion #45,Dog died in cargo hold during United flight. This is so dangerous for pets.,flying,18,24,2025-03-12 22:58:14.879107,pet carrier flight,2025-03,Pet Travel Discussion #45 Dog died in cargo hold during United flight. This is so dangerous for pets.,discussion died hold united flight. dangerous pets.,-0.5994,0.207,0.296,0.496,negative,"['safety_concern', 'airline_specific']","['dangerous', 'dangerous pets', 'died', 'died hold', 'discussion', 'discussion died', 'flight', 'flight dangerous', 'hold', 'hold united']"
Pet Travel Discussion #46,Airline pet policy comparison shows big differences in care standards.,flying,-4,6,2025-02-07 22:58:14.879107,dog anxiety plane,2025-02,Pet Travel Discussion #46 Airline pet policy comparison shows big differences in care standards.,discussion policy comparison shows big differences care standards.,0.4939,0.314,0.686,0.0,positive,['policy_info'],"['big', 'big differences', 'care', 'care standards', 'comparison', 'comparison shows', 'differences', 'differences care', 'discussion', 'discussion policy']"
Pet Travel Discussion #47,Dog cargo death statistics are concerning. Need better regulations.,flying,-2,17,2024-11-24 22:58:14.879107,pet cargo death,2024-11,Pet Travel Discussion #47 Dog cargo death statistics are concerning. Need better regulations.,discussion death statistics concerning. better regulations.,-0.25,0.269,0.37,0.361,negative,"['safety_concern', 'policy_info']","['better', 'better regulations', 'concerning', 'concerning better', 'death', 'death statistics', 'discussion', 'discussion death', 'regulations', 'statistics']"
Pet Travel Discussion #48,"Pet stress signs after baggage compartment flight: panting, anxiety, confusion.",AirTravel,28,7,2025-01-28 22:58:14.879107,pet travel flight,2025-01,"Pet Travel Discussion #48 Pet stress signs after baggage compartment flight: panting, anxiety, confusion.",discussion stress signs baggage compartment panting anxiety confusion.,-0.6908,0.0,0.427,0.573,negative,['safety_concern'],"['anxiety', 'anxiety confusion', 'baggage', 'baggage compartment', 'compartment', 'compartment panting', 'confusion', 'discussion', 'discussion stress', 'panting']"
Pet Travel Discussion #49,Dog travel experience was smooth with proper preparation and carrier.,travel,31,20,2025-01-10 22:58:14.879107,dog died cargo hold,2025-01,Pet Travel Discussion #49 Dog travel experience was smooth with proper preparation and carrier.,discussion experience smooth proper preparation carrier.,0.0,0.0,1.0,0.0,neutral,"['positive_experience', 'practical_tip']","['carrier', 'discussion', 'discussion experience', 'experience', 'experience smooth', 'preparation', 'preparation carrier', 'proper', 'proper preparation', 'smooth']"
Pet Travel Discussion #50,Dog baggage compartment death statistics are concerning. Need better regulations.,pets,36,22,2025-07-17 22:58:14.879107,airline pet rules,2025-07,Pet Travel Discussion #50 Dog baggage compartment death statistics are concerning. Need better regulations.,discussion baggage compartment death statistics concerning. better regulations.,-0.25,0.227,0.469,0.305,negative,"['safety_concern', 'policy_info']","['baggage', 'baggage compartment', 'better', 'better regulations', 'compartment', 'compartment death', 'concerning', 'concerning better', 'death', 'death statistics']"
Pet Travel Discussion #51,Pet cargo temperature monitoring essential for animal safety.,flying,46,21,2025-04-22 22:58:14.879107,airline pet rules,2025-04,Pet Travel Discussion #51 Pet cargo temperature monitoring essential for animal safety.,discussion temperature monitoring essential animal safety.,0.4215,0.359,0.641,0.0,positive,['positive_experience'],"['animal', 'animal safety', 'discussion', 'discussion temperature', 'essential', 'essential animal', 'monitoring', 'monitoring essential', 'safety', 'temperature']"
Pet Travel Discussion #52,American Airlines pet baggage compartment service was professional. Dog arrived safely.,pets,29,8,2024-11-16 22:58:14.879107,pet carrier flight,2024-11,Pet Travel Discussion #52 American Airlines pet baggage compartment service was professional. Dog arrived safely.,discussion american airlines baggage compartment service professional. arrived safely.,0.4939,0.286,0.714,0.0,positive,"['positive_experience', 'airline_specific']","['airlines', 'airlines baggage', 'american', 'american airlines', 'arrived', 'arrived safely', 'baggage', 'baggage compartment', 'compartment', 'compartment service']"
Pet Travel Discussion #53,Comfortable pet travel possible with right airline and preparation.,DogAdvice,4,23,2025-05-12 22:58:14.879107,dog anxiety plane,2025-05,Pet Travel Discussion #53 Comfortable pet travel possible with right airline and preparation.,discussion comfortable possible right preparation.,0.5106,0.452,0.548,0.0,positive,['positive_experience'],"['comfortable', 'comfortable possible', 'discussion', 'discussion comfortable', 'possible', 'possible right', 'preparation', 'right', 'right preparation']"
Pet Travel Discussion #54,Delta airlines has excellent animal policy. My dog traveled safely in cargo compartment.,pets,33,6,2025-03-18 22:58:14.879107,pet cargo death,2025-03,Pet Travel Discussion #54 Delta airlines has excellent animal policy. My dog traveled safely in cargo compartment.,discussion delta airlines excellent animal policy. traveled safely compartment.,0.7845,0.496,0.504,0.0,positive,"['positive_experience', 'policy_info', 'airline_specific']","['airlines', 'airlines excellent', 'animal', 'animal policy', 'compartment', 'delta', 'delta airlines', 'discussion', 'discussion delta', 'excellent']"
Pet Travel Discussion #55,My puppy had a terrible experience in cargo hold. Very stressed and scared during the flight.,petadvice,30,16,2025-07-29 22:58:14.879107,pet travel flight,2025-07,Pet Travel Discussion #55 My puppy had a terrible experience in cargo hold. Very stressed and scared during the flight.,discussion puppy terrible experience hold. stressed scared flight.,-0.8126,0.0,0.373,0.627,negative,"['safety_concern', 'practical_tip']","['discussion', 'discussion puppy', 'experience', 'experience hold', 'flight', 'hold', 'hold stressed', 'puppy', 'puppy terrible', 'scared']"
Pet Travel Discussion #56,Dog anxiety medication helped during cargo flight experience.,travel,23,19,2025-01-11 22:58:14.879107,dog died cargo hold,2025-01,Pet Travel Discussion #56 Dog anxiety medication helped during cargo flight experience.,discussion anxiety medication helped experience.,-0.1779,0.0,0.702,0.298,negative,"['safety_concern', 'practical_tip']","['anxiety', 'anxiety medication', 'discussion', 'discussion anxiety', 'experience', 'helped', 'helped experience', 'medication', 'medication helped']"
Pet Travel Discussion #57,Korean Air pet policy allows puppys in cargo with proper carrier.,pets,33,13,2024-09-03 22:58:14.879107,dog airplane cargo,2024-09,Pet Travel Discussion #57 Korean Air pet policy allows puppys in cargo with proper carrier.,discussion korean air policy allows puppys proper carrier.,0.0,0.0,1.0,0.0,neutral,"['policy_info', 'airline_specific']","['air', 'air policy', 'allows', 'allows puppys', 'carrier', 'discussion', 'discussion korean', 'korean', 'korean air', 'policy']"
Pet Travel Discussion #58,"Pet stress signs after cargo flight: panting, anxiety, confusion.",aviation,5,16,2025-01-10 22:58:14.879107,airline pet rules,2025-01,"Pet Travel Discussion #58 Pet stress signs after cargo flight: panting, anxiety, confusion.",discussion stress signs panting anxiety confusion.,-0.6908,0.0,0.309,0.691,negative,['safety_concern'],"['anxiety', 'anxiety confusion', 'confusion', 'discussion', 'discussion stress', 'panting', 'panting anxiety', 'signs', 'signs panting', 'stress']"
Pet Travel Discussion #59,Dog cargo death statistics are concerning. Need better regulations.,DogAdvice,23,17,2024-12-29 22:58:14.879107,pet travel flight,2024-12,Pet Travel Discussion #59 Dog cargo death statistics are concerning. Need better regulations.,discussion death statistics concerning. better regulations.,-0.25,0.269,0.37,0.361,negative,"['safety_concern', 'policy_info']","['better', 'better regulations', 'concerning', 'concerning better', 'death', 'death statistics', 'discussion', 'discussion death', 'regulations', 'statistics']"
Pet Travel Discussion #60,Airline staff were caring and professional with pet cargo handling.,pets,5,14,2025-05-16 22:58:14.879107,pet carrier flight,2025-05,Pet Travel Discussion #60 Airline staff were caring and professional with pet cargo handling.,discussion staff caring professional handling.,0.4939,0.444,0.556,0.0,positive,['positive_experience'],"['caring', 'caring professional', 'discussion', 'discussion staff', 'handling', 'professional', 'professional handling', 'staff', 'staff caring']"
Pet Travel Discussion #61,Scared to put my dog in aircraft cargo. Looking for pet friendly airlines.,flying,0,4,2025-05-07 22:58:14.879107,dog anxiety plane,2025-05,Pet Travel Discussion #61 Scared to put my dog in aircraft cargo. Looking for pet friendly airlines.,discussion scared put aircraft cargo. looking friendly airlines.,0.0772,0.264,0.496,0.24,positive,['safety_concern'],"['aircraft', 'aircraft cargo', 'airlines', 'cargo', 'cargo looking', 'discussion', 'discussion scared', 'friendly', 'friendly airlines', 'looking']"
Pet Travel Discussion #62,Korean Air pet policy allows dogs in baggage compartment with proper carrier.,aviation,1,7,2025-03-07 22:58:14.879107,dog died cargo hold,2025-03,Pet Travel Discussion #62 Korean Air pet policy allows dogs in baggage compartment with proper carrier.,discussion korean air policy allows dogs baggage compartment proper carrier.,0.0,0.0,1.0,0.0,neutral,"['policy_info', 'airline_specific']","['air', 'air policy', 'allows', 'allows dogs', 'baggage', 'baggage compartment', 'carrier', 'compartment', 'compartment proper', 'discussion']"
Pet Travel Discussion #63,Pet carrier size restrictions vary by airline. Check before booking.,dogs,19,23,2024-12-13 22:58:14.879107,pet cargo death,2024-12,Pet Travel Discussion #63 Pet carrier size restrictions vary by airline. Check before booking.,discussion carrier size restrictions vary airline. check booking.,0.0,0.0,1.0,0.0,neutral,['general'],"['airline', 'airline check', 'booking', 'carrier', 'carrier size', 'check', 'check booking', 'discussion', 'discussion carrier', 'restrictions']"
Pet Travel Discussion #64,Pet carrier size restrictions vary by airline. Check before booking.,travel,38,21,2025-07-23 22:58:14.879107,airline pet policy,2025-07,Pet Travel Discussion #64 Pet carrier size restrictions vary by airline. Check before booking.,discussion carrier size restrictions vary airline. check booking.,0.0,0.0,1.0,0.0,neutral,['general'],"['airline', 'airline check', 'booking', 'carrier', 'carrier size', 'check', 'check booking', 'discussion', 'discussion carrier', 'restrictions']"
Pet Travel Discussion #65,Dog died in baggage compartment hold during United flight. This is so dangerous for pets.,flying,20,1,2024-12-21 22:58:14.880109,pet travel flight,2024-12,Pet Travel Discussion #65 Dog died in baggage compartment hold during United flight. This is so dangerous for pets.,discussion died baggage compartment hold united flight. dangerous pets.,-0.5994,0.181,0.387,0.432,negative,"['safety_concern', 'airline_specific']","['baggage', 'baggage compartment', 'compartment', 'compartment hold', 'dangerous', 'dangerous pets', 'died', 'died baggage', 'discussion', 'discussion died']"
Pet Travel Discussion #66,Pet anxiety during flight is common. Vet recommended calming medication.,TravelAdvice,-2,15,2025-06-06 22:58:14.880109,dog airplane cargo,2025-06,Pet Travel Discussion #66 Pet anxiety during flight is common. Vet recommended calming medication.,discussion anxiety common. vet recommended calming medication.,0.4215,0.441,0.392,0.167,positive,"['safety_concern', 'practical_tip']","['anxiety', 'anxiety common', 'calming', 'calming medication', 'common', 'common vet', 'discussion', 'discussion anxiety', 'medication', 'recommended']"
Pet Travel Discussion #67,American Airlines animal cargo service was professional. Dog arrived safely.,pets,-1,12,2024-09-13 22:58:14.880109,pet carrier flight,2024-09,Pet Travel Discussion #67 American Airlines animal cargo service was professional. Dog arrived safely.,discussion american airlines animal service professional. arrived safely.,0.4939,0.314,0.686,0.0,positive,"['positive_experience', 'airline_specific']","['airlines', 'airlines animal', 'american', 'american airlines', 'animal', 'animal service', 'arrived', 'arrived safely', 'discussion', 'discussion american']"
Pet Travel Discussion #68,Pet died in baggage compartment during summer heat. Airlines need better climate control.,petadvice,3,18,2025-06-19 22:58:14.880109,airline pet policy,2025-06,Pet Travel Discussion #68 Pet died in baggage compartment during summer heat. Airlines need better climate control.,discussion died baggage compartment summer heat. airlines better climate control.,-0.1779,0.2,0.552,0.248,negative,['safety_concern'],"['airlines', 'airlines better', 'baggage', 'baggage compartment', 'better', 'better climate', 'climate', 'climate control', 'compartment', 'compartment summer']"
Pet Travel Discussion #69,Pet died in cargo during summer heat. Airlines need better climate control.,dogs,11,10,2025-03-24 22:58:14.880109,dog anxiety plane,2025-03,Pet Travel Discussion #69 Pet died in cargo during summer heat. Airlines need better climate control.,discussion died summer heat. airlines better climate control.,-0.1779,0.232,0.48,0.288,negative,['safety_concern'],"['airlines', 'airlines better', 'better', 'better climate', 'climate', 'climate control', 'control', 'died', 'died summer', 'discussion']"
Pet Travel Discussion #70,Pet cargo temperature monitoring essential for animal safety.,flying,4,15,2024-11-07 22:58:14.880109,airline pet rules,2024-11,Pet Travel Discussion #70 Pet cargo temperature monitoring essential for animal safety.,discussion temperature monitoring essential animal safety.,0.4215,0.359,0.641,0.0,positive,['positive_experience'],"['animal', 'animal safety', 'discussion', 'discussion temperature', 'essential', 'essential animal', 'monitoring', 'monitoring essential', 'safety', 'temperature']"
Pet Travel Discussion #71,Pet anxiety during flight is common. Vet recommended calming medication.,puppy,3,20,2025-07-26 22:58:14.880109,dog anxiety plane,2025-07,Pet Travel Discussion #71 Pet anxiety during flight is common. Vet recommended calming medication.,discussion anxiety common. vet recommended calming medication.,0.4215,0.441,0.392,0.167,positive,"['safety_concern', 'practical_tip']","['anxiety', 'anxiety common', 'calming', 'calming medication', 'common', 'common vet', 'discussion', 'discussion anxiety', 'medication', 'recommended']"
Pet Travel Discussion #72,Airline pet carrier requirements are very strict. Make sure to check size limits.,AirTravel,37,23,2025-03-02 22:58:14.880109,pet cargo death,2025-03,Pet Travel Discussion #72 Airline pet carrier requirements are very strict. Make sure to check size limits.,discussion carrier requirements strict. make sure check size limits.,0.3182,0.223,0.777,0.0,positive,['policy_info'],"['carrier', 'carrier requirements', 'check', 'check size', 'discussion', 'discussion carrier', 'limits', 'make', 'make sure', 'requirements']"
Pet Travel Discussion #73,Pet anxiety during flight is common. Vet recommended calming medication.,petadvice,-1,0,2025-07-22 22:58:14.880109,pet travel flight,2025-07,Pet Travel Discussion #73 Pet anxiety during flight is common. Vet recommended calming medication.,discussion anxiety common. vet recommended calming medication.,0.4215,0.441,0.392,0.167,positive,"['safety_concern', 'practical_tip']","['anxiety', 'anxiety common', 'calming', 'calming medication', 'common', 'common vet', 'discussion', 'discussion anxiety', 'medication', 'recommended']"
Pet Travel Discussion #74,Cargo hold temperature concerns for pet safety during long flights.,flying,6,19,2025-06-09 22:58:14.880109,pet cargo death,2025-06,Pet Travel Discussion #74 Cargo hold temperature concerns for pet safety during long flights.,discussion hold temperature concerns safety long flights.,0.4215,0.318,0.682,0.0,positive,['positive_experience'],"['concerns', 'concerns safety', 'discussion', 'discussion hold', 'flights', 'hold', 'hold temperature', 'long', 'long flights', 'safety']"
Pet Travel Discussion #75,Dog travel experience was smooth with proper preparation and carrier.,flying,43,10,2025-06-05 22:58:14.880109,airline pet rules,2025-06,Pet Travel Discussion #75 Dog travel experience was smooth with proper preparation and carrier.,discussion experience smooth proper preparation carrier.,0.0,0.0,1.0,0.0,neutral,"['positive_experience', 'practical_tip']","['carrier', 'discussion', 'discussion experience', 'experience', 'experience smooth', 'preparation', 'preparation carrier', 'proper', 'proper preparation', 'smooth']"
Pet Travel Discussion #76,"Pet stress signs after cargo flight: panting, anxiety, confusion.",DogAdvice,-2,16,2025-05-23 22:58:14.880109,dog anxiety plane,2025-05,"Pet Travel Discussion #76 Pet stress signs after cargo flight: panting, anxiety, confusion.",discussion stress signs panting anxiety confusion.,-0.6908,0.0,0.309,0.691,negative,['safety_concern'],"['anxiety', 'anxiety confusion', 'confusion', 'discussion', 'discussion stress', 'panting', 'panting anxiety', 'signs', 'signs panting', 'stress']"
Pet Travel Discussion #77,Korean Air pet policy allows dogs in cargo with proper carrier.,DogAdvice,3,3,2025-01-11 22:58:14.880109,pet travel flight,2025-01,Pet Travel Discussion #77 Korean Air pet policy allows dogs in cargo with proper carrier.,discussion korean air policy allows dogs proper carrier.,0.0,0.0,1.0,0.0,neutral,"['policy_info', 'airline_specific']","['air', 'air policy', 'allows', 'allows dogs', 'carrier', 'discussion', 'discussion korean', 'dogs', 'dogs proper', 'korean']"
Pet Travel Discussion #78,Pet cargo temperature monitoring essential for animal safety.,DogAdvice,32,21,2025-03-03 22:58:14.880109,airline pet rules,2025-03,Pet Travel Discussion #78 Pet cargo temperature monitoring essential for animal safety.,discussion temperature monitoring essential animal safety.,0.4215,0.359,0.641,0.0,positive,['positive_experience'],"['animal', 'animal safety', 'discussion', 'discussion temperature', 'essential', 'essential animal', 'monitoring', 'monitoring essential', 'safety', 'temperature']"
Pet Travel Discussion #79,Safe animal travel requires research on airline policies and requirements.,aviation,3,23,2025-07-04 22:58:14.880109,pet cargo death,2025-07,Pet Travel Discussion #79 Safe animal travel requires research on airline policies and requirements.,discussion safe animal requires research policies requirements.,0.4404,0.326,0.674,0.0,positive,"['positive_experience', 'policy_info']","['animal', 'animal requires', 'discussion', 'discussion safe', 'policies', 'policies requirements', 'requirements', 'requires', 'requires research', 'research']"
Pet Travel Discussion #80,Korean Air pet policy allows dogs in baggage compartment with proper carrier.,pets,48,7,2025-02-22 22:58:14.880109,pet cargo death,2025-02,Pet Travel Discussion #80 Korean Air pet policy allows dogs in baggage compartment with proper carrier.,discussion korean air policy allows dogs baggage compartment proper carrier.,0.0,0.0,1.0,0.0,neutral,"['policy_info', 'airline_specific']","['air', 'air policy', 'allows', 'allows dogs', 'baggage', 'baggage compartment', 'carrier', 'compartment', 'compartment proper', 'discussion']"
Pet Travel Discussion #81,Pet travel tips: always use IATA approved carrier and check airline pet policy.,travel,35,3,2024-09-23 22:58:14.880109,pet cargo death,2024-09,Pet Travel Discussion #81 Pet travel tips: always use IATA approved carrier and check airline pet policy.,discussion tips always use iata approved carrier check policy.,0.4215,0.259,0.741,0.0,positive,"['policy_info', 'practical_tip']","['approved', 'approved carrier', 'carrier', 'carrier check', 'check', 'check policy', 'discussion', 'discussion tips', 'iata', 'iata approved']"
Pet Travel Discussion #82,"Pet stress signs after cargo flight: panting, anxiety, confusion.",aviation,38,18,2024-10-04 22:58:14.880109,dog anxiety plane,2024-10,"Pet Travel Discussion #82 Pet stress signs after cargo flight: panting, anxiety, confusion.",discussion stress signs panting anxiety confusion.,-0.6908,0.0,0.309,0.691,negative,['safety_concern'],"['anxiety', 'anxiety confusion', 'confusion', 'discussion', 'discussion stress', 'panting', 'panting anxiety', 'signs', 'signs panting', 'stress']"
Pet Travel Discussion #83,Airline pet policy comparison shows big differences in care standards.,pets,22,16,2024-11-20 22:58:14.880109,pet carrier flight,2024-11,Pet Travel Discussion #83 Airline pet policy comparison shows big differences in care standards.,discussion policy comparison shows big differences care standards.,0.4939,0.314,0.686,0.0,positive,['policy_info'],"['big', 'big differences', 'care', 'care standards', 'comparison', 'comparison shows', 'differences', 'differences care', 'discussion', 'discussion policy']"
Pet Travel Discussion #84,Pet carrier size restrictions vary by airline. Check before booking.,travel,4,3,2025-03-15 22:58:14.880109,pet cargo death,2025-03,Pet Travel Discussion #84 Pet carrier size restrictions vary by airline. Check before booking.,discussion carrier size restrictions vary airline. check booking.,0.0,0.0,1.0,0.0,neutral,['general'],"['airline', 'airline check', 'booking', 'carrier', 'carrier size', 'check', 'check booking', 'discussion', 'discussion carrier', 'restrictions']"
Pet Travel Discussion #85,Airline pet policy comparison shows big differences in care standards.,DogAdvice,12,18,2024-10-14 22:58:14.880109,dog airplane cargo,2024-10,Pet Travel Discussion #85 Airline pet policy comparison shows big differences in care standards.,discussion policy comparison shows big differences care standards.,0.4939,0.314,0.686,0.0,positive,['policy_info'],"['big', 'big differences', 'care', 'care standards', 'comparison', 'comparison shows', 'differences', 'differences care', 'discussion', 'discussion policy']"
Pet Travel Discussion #86,Dog died in cargo hold during United flight. This is so dangerous for pets.,TravelAdvice,27,25,2024-12-15 22:58:14.880109,airline pet rules,2024-12,Pet Travel Discussion #86 Dog died in cargo hold during United flight. This is so dangerous for pets.,discussion died hold united flight. dangerous pets.,-0.5994,0.207,0.296,0.496,negative,"['safety_concern', 'airline_specific']","['dangerous', 'dangerous pets', 'died', 'died hold', 'discussion', 'discussion died', 'flight', 'flight dangerous', 'hold', 'hold united']"
Pet Travel Discussion #87,My dog had a terrible experience in baggage compartment hold. Very stressed and scared during the flight.,TravelAdvice,20,7,2025-07-19 22:58:14.880109,airline pet rules,2025-07,Pet Travel Discussion #87 My dog had a terrible experience in baggage compartment hold. Very stressed and scared during the flight.,discussion terrible experience baggage compartment hold. stressed scared flight.,-0.8126,0.0,0.417,0.583,negative,"['safety_concern', 'practical_tip']","['baggage', 'baggage compartment', 'compartment', 'compartment hold', 'discussion', 'discussion terrible', 'experience', 'experience baggage', 'flight', 'hold']"
Pet Travel Discussion #88,Pet baggage compartment temperature monitoring essential for animal safety.,pets,5,15,2025-01-09 22:58:14.880109,pet cargo death,2025-01,Pet Travel Discussion #88 Pet baggage compartment temperature monitoring essential for animal safety.,discussion baggage compartment temperature monitoring essential animal safety.,0.4215,0.286,0.714,0.0,positive,['positive_experience'],"['animal', 'animal safety', 'baggage', 'baggage compartment', 'compartment', 'compartment temperature', 'discussion', 'discussion baggage', 'essential', 'essential animal']"
Pet Travel Discussion #89,Dog carrier must meet airline requirements. Size and ventilation important.,pets,29,5,2024-11-08 22:58:14.880109,dog airplane cargo,2024-11,Pet Travel Discussion #89 Dog carrier must meet airline requirements. Size and ventilation important.,discussion carrier must meet requirements. size ventilation important.,0.2023,0.205,0.795,0.0,positive,['policy_info'],"['carrier', 'carrier meet', 'discussion', 'discussion carrier', 'important', 'meet', 'meet requirements', 'requirements', 'requirements size', 'size']"
Pet Travel Discussion #90,Dog died in cargo hold during United flight. This is so dangerous for pets.,petadvice,9,24,2024-12-21 22:58:14.880109,dog died cargo hold,2024-12,Pet Travel Discussion #90 Dog died in cargo hold during United flight. This is so dangerous for pets.,discussion died hold united flight. dangerous pets.,-0.5994,0.207,0.296,0.496,negative,"['safety_concern', 'airline_specific']","['dangerous', 'dangerous pets', 'died', 'died hold', 'discussion', 'discussion died', 'flight', 'flight dangerous', 'hold', 'hold united']"
Pet Travel Discussion #91,Airline pet policy comparison shows big differences in care standards.,dogs,0,15,2025-01-23 22:58:14.880109,pet carrier flight,2025-01,Pet Travel Discussion #91 Airline pet policy comparison shows big differences in care standards.,discussion policy comparison shows big differences care standards.,0.4939,0.314,0.686,0.0,positive,['policy_info'],"['big', 'big differences', 'care', 'care standards', 'comparison', 'comparison shows', 'differences', 'differences care', 'discussion', 'discussion policy']"
Pet Travel Discussion #92,Cargo hold temperature concerns for pet safety during long flights.,petadvice,14,0,2025-04-02 22:58:14.880109,pet carrier flight,2025-04,Pet Travel Discussion #92 Cargo hold temperature concerns for pet safety during long flights.,discussion hold temperature concerns safety long flights.,0.4215,0.318,0.682,0.0,positive,['positive_experience'],"['concerns', 'concerns safety', 'discussion', 'discussion hold', 'flights', 'hold', 'hold temperature', 'long', 'long flights', 'safety']"
Pet Travel Discussion #93,Pet travel documents needed: health certificate and vaccination records.,dogs,37,24,2025-05-21 22:58:14.880109,dog died cargo hold,2025-05,Pet Travel Discussion #93 Pet travel documents needed: health certificate and vaccination records.,discussion documents needed health certificate vaccination records.,0.0,0.0,1.0,0.0,neutral,['policy_info'],"['certificate', 'certificate vaccination', 'discussion', 'discussion documents', 'documents', 'documents needed', 'health', 'health certificate', 'needed', 'needed health']"
Pet Travel Discussion #94,Cargo hold temperature concerns for animal safety during long flights.,petadvice,17,13,2024-10-16 22:58:14.880109,airline pet rules,2024-10,Pet Travel Discussion #94 Cargo hold temperature concerns for animal safety during long flights.,discussion hold temperature concerns animal safety long flights.,0.4215,0.286,0.714,0.0,positive,['positive_experience'],"['animal', 'animal safety', 'concerns', 'concerns animal', 'discussion', 'discussion hold', 'flights', 'hold', 'hold temperature', 'long']"
Pet Travel Discussion #95,Professional pet travel service ensures safe cargo transportation.,flying,43,9,2025-07-07 22:58:14.880109,pet cargo death,2025-07,Pet Travel Discussion #95 Professional pet travel service ensures safe cargo transportation.,discussion professional service ensures safe transportation.,0.4404,0.367,0.633,0.0,positive,['positive_experience'],"['discussion', 'discussion professional', 'ensures', 'ensures safe', 'professional', 'professional service', 'safe', 'safe transportation', 'service', 'service ensures']"
Pet Travel Discussion #96,Pet travel tips: always use IATA approved carrier and check airline animal policy.,puppy,6,1,2024-12-20 22:58:14.880109,pet carrier flight,2024-12,Pet Travel Discussion #96 Pet travel tips: always use IATA approved carrier and check airline animal policy.,discussion tips always use iata approved carrier check animal policy.,0.4215,0.237,0.763,0.0,positive,"['policy_info', 'practical_tip']","['animal', 'animal policy', 'approved', 'approved carrier', 'carrier', 'carrier check', 'check', 'check animal', 'discussion', 'discussion tips']"
Pet Travel Discussion #97,Airline staff were caring and professional with pet cargo handling.,DogAdvice,44,12,2025-01-13 22:58:14.880109,airline pet policy,2025-01,Pet Travel Discussion #97 Airline staff were caring and professional with pet cargo handling.,discussion staff caring professional handling.,0.4939,0.444,0.556,0.0,positive,['positive_experience'],"['caring', 'caring professional', 'discussion', 'discussion staff', 'handling', 'professional', 'professional handling', 'staff', 'staff caring']"
Pet Travel Discussion #98,Cargo hold temperature concerns for pet safety during long flights.,flying,15,8,2025-07-20 22:58:14.880109,pet cargo death,2025-07,Pet Travel Discussion #98 Cargo hold temperature concerns for pet safety during long flights.,discussion hold temperature concerns safety long flights.,0.4215,0.318,0.682,0.0,positive,['positive_experience'],"['concerns', 'concerns safety', 'discussion', 'discussion hold', 'flights', 'hold', 'hold temperature', 'long', 'long flights', 'safety']"
Pet Travel Discussion #99,Scared to put my dog in aircraft cargo. Looking for pet friendly airlines.,dogs,23,13,2025-02-19 22:58:14.880109,airline pet policy,2025-02,Pet Travel Discussion #99 Scared to put my dog in aircraft cargo. Looking for pet friendly airlines.,discussion scared put aircraft cargo. looking friendly airlines.,0.0772,0.264,0.496,0.24,positive,['safety_concern'],"['aircraft', 'aircraft cargo', 'airlines', 'cargo', 'cargo looking', 'discussion', 'discussion scared', 'friendly', 'friendly airlines', 'looking']"
Pet Travel Discussion #100,Pet travel documents needed: health certificate and vaccination records.,puppy,14,24,2024-09-28 22:58:14.880109,airline pet policy,2024-09,Pet Travel Discussion #100 Pet travel documents needed: health certificate and vaccination records.,discussion documents needed health certificate vaccination records.,0.0,0.0,1.0,0.0,neutral,['policy_info'],"['certificate', 'certificate vaccination', 'discussion', 'discussion documents', 'documents', 'documents needed', 'health', 'health certificate', 'needed', 'needed health']"
Pet Travel Discussion #101,Pet cargo temperature monitoring essential for animal safety.,travel,5,9,2024-12-28 22:58:14.880109,airline pet rules,2024-12,Pet Travel Discussion #101 Pet cargo temperature monitoring essential for animal safety.,discussion temperature monitoring essential animal safety.,0.4215,0.359,0.641,0.0,positive,['positive_experience'],"['animal', 'animal safety', 'discussion', 'discussion temperature', 'essential', 'essential animal', 'monitoring', 'monitoring essential', 'safety', 'temperature']"
Pet Travel Discussion #102,Dog died in baggage compartment hold during United flight. This is so dangerous for pets.,petadvice,-4,12,2025-04-25 22:58:14.880109,pet travel flight,2025-04,Pet Travel Discussion #102 Dog died in baggage compartment hold during United flight. This is so dangerous for pets.,discussion died baggage compartment hold united flight. dangerous pets.,-0.5994,0.181,0.387,0.432,negative,"['safety_concern', 'airline_specific']","['baggage', 'baggage compartment', 'compartment', 'compartment hold', 'dangerous', 'dangerous pets', 'died', 'died baggage', 'discussion', 'discussion died']"
Pet Travel Discussion #103,Airline pet fees are expensive but worth it for pet safety in cargo hold.,puppy,15,23,2024-11-26 22:58:14.880109,pet cargo death,2024-11,Pet Travel Discussion #103 Airline pet fees are expensive but worth it for pet safety in cargo hold.,discussion fees expensive worth safety hold.,0.5719,0.54,0.46,0.0,positive,['positive_experience'],"['discussion', 'discussion fees', 'expensive', 'expensive worth', 'fees', 'fees expensive', 'hold', 'safety', 'safety hold', 'worth']"
Pet Travel Discussion #104,Delta airlines has excellent pet policy. My puppy traveled safely in cargo compartment.,TravelAdvice,6,9,2025-01-21 22:58:14.880109,pet carrier flight,2025-01,Pet Travel Discussion #104 Delta airlines has excellent pet policy. My puppy traveled safely in cargo compartment.,discussion delta airlines excellent policy. puppy traveled safely compartment.,0.7845,0.496,0.504,0.0,positive,"['positive_experience', 'policy_info', 'airline_specific']","['airlines', 'airlines excellent', 'compartment', 'delta', 'delta airlines', 'discussion', 'discussion delta', 'excellent', 'excellent policy', 'policy']"
Pet Travel Discussion #105,Dog anxiety medication helped during baggage compartment flight experience.,TravelAdvice,4,22,2024-12-24 22:58:14.880109,pet carrier flight,2024-12,Pet Travel Discussion #105 Dog anxiety medication helped during baggage compartment flight experience.,discussion anxiety medication helped baggage compartment experience.,-0.1779,0.0,0.779,0.221,negative,"['safety_concern', 'practical_tip']","['anxiety', 'anxiety medication', 'baggage', 'baggage compartment', 'compartment', 'compartment experience', 'discussion', 'discussion anxiety', 'experience', 'helped']"
Pet Travel Discussion #106,My dog had a terrible experience in cargo hold. Very stressed and scared during the flight.,pets,-5,6,2024-08-26 22:58:14.880109,pet travel flight,2024-08,Pet Travel Discussion #106 My dog had a terrible experience in cargo hold. Very stressed and scared during the flight.,discussion terrible experience hold. stressed scared flight.,-0.8126,0.0,0.323,0.677,negative,"['safety_concern', 'practical_tip']","['discussion', 'discussion terrible', 'experience', 'experience hold', 'flight', 'hold', 'hold stressed', 'scared', 'scared flight', 'stressed']"
Pet Travel Discussion #107,American Airlines pet cargo service was professional. Dog arrived safely.,TravelAdvice,12,5,2024-07-31 22:58:14.880109,airline pet rules,2024-07,Pet Travel Discussion #107 American Airlines pet cargo service was professional. Dog arrived safely.,discussion american airlines service professional. arrived safely.,0.4939,0.348,0.652,0.0,positive,"['positive_experience', 'airline_specific']","['airlines', 'airlines service', 'american', 'american airlines', 'arrived', 'arrived safely', 'discussion', 'discussion american', 'professional', 'professional arrived']"
Pet Travel Discussion #108,Airline pet fees are expensive but worth it for pet safety in cargo hold.,DogAdvice,15,9,2024-09-13 22:58:14.880109,dog airplane cargo,2024-09,Pet Travel Discussion #108 Airline pet fees are expensive but worth it for pet safety in cargo hold.,discussion fees expensive worth safety hold.,0.5719,0.54,0.46,0.0,positive,['positive_experience'],"['discussion', 'discussion fees', 'expensive', 'expensive worth', 'fees', 'fees expensive', 'hold', 'safety', 'safety hold', 'worth']"
Pet Travel Discussion #109,Comfortable pet travel possible with right airline and preparation.,puppy,19,5,2025-03-31 22:58:14.880109,pet cargo death,2025-03,Pet Travel Discussion #109 Comfortable pet travel possible with right airline and preparation.,discussion comfortable possible right preparation.,0.5106,0.452,0.548,0.0,positive,['positive_experience'],"['comfortable', 'comfortable possible', 'discussion', 'discussion comfortable', 'possible', 'possible right', 'preparation', 'right', 'right preparation']"
Pet Travel Discussion #110,Safe pet travel requires research on airline policies and requirements.,DogAdvice,23,21,2025-01-22 22:58:14.880109,dog died cargo hold,2025-01,Pet Travel Discussion #110 Safe pet travel requires research on airline policies and requirements.,discussion safe requires research policies requirements.,0.4404,0.367,0.633,0.0,positive,"['positive_experience', 'policy_info']","['discussion', 'discussion safe', 'policies', 'policies requirements', 'requirements', 'requires', 'requires research', 'research', 'research policies', 'safe']"
Pet Travel Discussion #111,Pet travel documents needed: health certificate and vaccination records.,pets,14,19,2025-03-28 22:58:14.880109,pet travel flight,2025-03,Pet Travel Discussion #111 Pet travel documents needed: health certificate and vaccination records.,discussion documents needed health certificate vaccination records.,0.0,0.0,1.0,0.0,neutral,['policy_info'],"['certificate', 'certificate vaccination', 'discussion', 'discussion documents', 'documents', 'documents needed', 'health', 'health certificate', 'needed', 'needed health']"
Pet Travel Discussion #112,Dog anxiety medication helped during baggage compartment flight experience.,petadvice,33,18,2024-08-07 22:58:14.880109,dog airplane cargo,2024-08,Pet Travel Discussion #112 Dog anxiety medication helped during baggage compartment flight experience.,discussion anxiety medication helped baggage compartment experience.,-0.1779,0.0,0.779,0.221,negative,"['safety_concern', 'practical_tip']","['anxiety', 'anxiety medication', 'baggage', 'baggage compartment', 'compartment', 'compartment experience', 'discussion', 'discussion anxiety', 'experience', 'helped']"
Pet Travel Discussion #113,Dog carrier must meet airline requirements. Size and ventilation important.,petadvice,18,21,2024-10-03 22:58:14.880109,dog anxiety plane,2024-10,Pet Travel Discussion #113 Dog carrier must meet airline requirements. Size and ventilation important.,discussion carrier must meet requirements. size ventilation important.,0.2023,0.205,0.795,0.0,positive,['policy_info'],"['carrier', 'carrier meet', 'discussion', 'discussion carrier', 'important', 'meet', 'meet requirements', 'requirements', 'requirements size', 'size']"
Pet Travel Discussion #114,Airline animal fees are expensive but worth it for animal safety in cargo hold.,petadvice,33,19,2024-11-06 22:58:14.880109,pet cargo death,2024-11,Pet Travel Discussion #114 Airline animal fees are expensive but worth it for animal safety in cargo hold.,discussion animal fees expensive worth animal safety hold.,0.5719,0.439,0.561,0.0,positive,['positive_experience'],"['animal', 'animal fees', 'animal safety', 'discussion', 'discussion animal', 'expensive', 'expensive worth', 'fees', 'fees expensive', 'hold']"
Pet Travel Discussion #115,Professional pet travel service ensures safe cargo transportation.,aviation,4,6,2025-06-13 22:58:14.880109,dog anxiety plane,2025-06,Pet Travel Discussion #115 Professional pet travel service ensures safe cargo transportation.,discussion professional service ensures safe transportation.,0.4404,0.367,0.633,0.0,positive,['positive_experience'],"['discussion', 'discussion professional', 'ensures', 'ensures safe', 'professional', 'professional service', 'safe', 'safe transportation', 'service', 'service ensures']"
Pet Travel Discussion #116,Airline pet carrier requirements are very strict. Make sure to check size limits.,flying,7,18,2024-10-27 22:58:14.880109,pet carrier flight,2024-10,Pet Travel Discussion #116 Airline pet carrier requirements are very strict. Make sure to check size limits.,discussion carrier requirements strict. make sure check size limits.,0.3182,0.223,0.777,0.0,positive,['policy_info'],"['carrier', 'carrier requirements', 'check', 'check size', 'discussion', 'discussion carrier', 'limits', 'make', 'make sure', 'requirements']"
Pet Travel Discussion #117,Comfortable pet travel possible with right airline and preparation.,TravelAdvice,50,8,2024-12-18 22:58:14.880109,dog died cargo hold,2024-12,Pet Travel Discussion #117 Comfortable pet travel possible with right airline and preparation.,discussion comfortable possible right preparation.,0.5106,0.452,0.548,0.0,positive,['positive_experience'],"['comfortable', 'comfortable possible', 'discussion', 'discussion comfortable', 'possible', 'possible right', 'preparation', 'right', 'right preparation']"
Pet Travel Discussion #118,"Pet stress signs after cargo flight: panting, anxiety, confusion.",petadvice,30,5,2024-12-05 22:58:14.880109,pet carrier flight,2024-12,"Pet Travel Discussion #118 Pet stress signs after cargo flight: panting, anxiety, confusion.",discussion stress signs panting anxiety confusion.,-0.6908,0.0,0.309,0.691,negative,['safety_concern'],"['anxiety', 'anxiety confusion', 'confusion', 'discussion', 'discussion stress', 'panting', 'panting anxiety', 'signs', 'signs panting', 'stress']"
Pet Travel Discussion #119,Safe pet travel requires research on airline policies and requirements.,flying,25,7,2025-05-27 22:58:14.880109,airline pet rules,2025-05,Pet Travel Discussion #119 Safe pet travel requires research on airline policies and requirements.,discussion safe requires research policies requirements.,0.4404,0.367,0.633,0.0,positive,"['positive_experience', 'policy_info']","['discussion', 'discussion safe', 'policies', 'policies requirements', 'requirements', 'requires', 'requires research', 'research', 'research policies', 'safe']"
Pet Travel Discussion #120,Safe pet travel requires research on airline policies and requirements.,DogAdvice,10,15,2025-01-30 22:58:14.880109,pet cargo death,2025-01,Pet Travel Discussion #120 Safe pet travel requires research on airline policies and requirements.,discussion safe requires research policies requirements.,0.4404,0.367,0.633,0.0,positive,"['positive_experience', 'policy_info']","['discussion', 'discussion safe', 'policies', 'policies requirements', 'requirements', 'requires', 'requires research', 'research', 'research policies', 'safe']"
Pet Travel Discussion #121,Cargo hold temperature concerns for animal safety during long flights.,DogAdvice,32,24,2025-06-15 22:58:14.880109,dog died cargo hold,2025-06,Pet Travel Discussion #121 Cargo hold temperature concerns for animal safety during long flights.,discussion hold temperature concerns animal safety long flights.,0.4215,0.286,0.714,0.0,positive,['positive_experience'],"['animal', 'animal safety', 'concerns', 'concerns animal', 'discussion', 'discussion hold', 'flights', 'hold', 'hold temperature', 'long']"
Pet Travel Discussion #122,Delta airlines has excellent pet policy. My dog traveled safely in cargo compartment.,dogs,48,1,2025-06-13 22:58:14.880109,dog anxiety plane,2025-06,Pet Travel Discussion #122 Delta airlines has excellent pet policy. My dog traveled safely in cargo compartment.,discussion delta airlines excellent policy. traveled safely compartment.,0.7845,0.535,0.465,0.0,positive,"['positive_experience', 'policy_info', 'airline_specific']","['airlines', 'airlines excellent', 'compartment', 'delta', 'delta airlines', 'discussion', 'discussion delta', 'excellent', 'excellent policy', 'policy']"
Pet Travel Discussion #123,Pet travel tips: always use IATA approved carrier and check airline pet policy.,travel,35,4,2024-09-04 22:58:14.880109,dog anxiety plane,2024-09,Pet Travel Discussion #123 Pet travel tips: always use IATA approved carrier and check airline pet policy.,discussion tips always use iata approved carrier check policy.,0.4215,0.259,0.741,0.0,positive,"['policy_info', 'practical_tip']","['approved', 'approved carrier', 'carrier', 'carrier check', 'check', 'check policy', 'discussion', 'discussion tips', 'iata', 'iata approved']"
Pet Travel Discussion #124,Airline pet carrier requirements are very strict. Make sure to check size limits.,puppy,15,12,2024-08-12 22:58:14.880109,airline pet policy,2024-08,Pet Travel Discussion #124 Airline pet carrier requirements are very strict. Make sure to check size limits.,discussion carrier requirements strict. make sure check size limits.,0.3182,0.223,0.777,0.0,positive,['policy_info'],"['carrier', 'carrier requirements', 'check', 'check size', 'discussion', 'discussion carrier', 'limits', 'make', 'make sure', 'requirements']"
Pet Travel Discussion #125,Pet died in cargo during summer heat. Airlines need better climate control.,aviation,48,22,2025-02-18 22:58:14.880109,dog airplane cargo,2025-02,Pet Travel Discussion #125 Pet died in cargo during summer heat. Airlines need better climate control.,discussion died summer heat. airlines better climate control.,-0.1779,0.232,0.48,0.288,negative,['safety_concern'],"['airlines', 'airlines better', 'better', 'better climate', 'climate', 'climate control', 'control', 'died', 'died summer', 'discussion']"
Pet Travel Discussion #126,Dog anxiety medication helped during cargo flight experience.,travel,34,9,2024-12-23 22:58:14.880109,dog died cargo hold,2024-12,Pet Travel Discussion #126 Dog anxiety medication helped during cargo flight experience.,discussion anxiety medication helped experience.,-0.1779,0.0,0.702,0.298,negative,"['safety_concern', 'practical_tip']","['anxiety', 'anxiety medication', 'discussion', 'discussion anxiety', 'experience', 'helped', 'helped experience', 'medication', 'medication helped']"
Pet Travel Discussion #127,Pet baggage compartment temperature monitoring essential for animal safety.,travel,3,16,2025-01-20 22:58:14.880109,dog died cargo hold,2025-01,Pet Travel Discussion #127 Pet baggage compartment temperature monitoring essential for animal safety.,discussion baggage compartment temperature monitoring essential animal safety.,0.4215,0.286,0.714,0.0,positive,['positive_experience'],"['animal', 'animal safety', 'baggage', 'baggage compartment', 'compartment', 'compartment temperature', 'discussion', 'discussion baggage', 'essential', 'essential animal']"
Pet Travel Discussion #128,Comfortable pet travel possible with right airline and preparation.,dogs,-4,11,2024-08-20 22:58:14.880109,airline pet policy,2024-08,Pet Travel Discussion #128 Comfortable pet travel possible with right airline and preparation.,discussion comfortable possible right preparation.,0.5106,0.452,0.548,0.0,positive,['positive_experience'],"['comfortable', 'comfortable possible', 'discussion', 'discussion comfortable', 'possible', 'possible right', 'preparation', 'right', 'right preparation']"
Pet Travel Discussion #129,Safe pet travel requires research on airline policies and requirements.,puppy,1,10,2024-11-27 22:58:14.880109,dog died cargo hold,2024-11,Pet Travel Discussion #129 Safe pet travel requires research on airline policies and requirements.,discussion safe requires research policies requirements.,0.4404,0.367,0.633,0.0,positive,"['positive_experience', 'policy_info']","['discussion', 'discussion safe', 'policies', 'policies requirements', 'requirements', 'requires', 'requires research', 'research', 'research policies', 'safe']"
Pet Travel Discussion #130,Pet died in cargo during summer heat. Airlines need better climate control.,travel,37,3,2024-09-20 22:58:14.880109,airline pet rules,2024-09,Pet Travel Discussion #130 Pet died in cargo during summer heat. Airlines need better climate control.,discussion died summer heat. airlines better climate control.,-0.1779,0.232,0.48,0.288,negative,['safety_concern'],"['airlines', 'airlines better', 'better', 'better climate', 'climate', 'climate control', 'control', 'died', 'died summer', 'discussion']"
Pet Travel Discussion #131,Pet cargo temperature monitoring essential for animal safety.,DogAdvice,2,12,2025-06-17 22:58:14.880109,pet travel flight,2025-06,Pet Travel Discussion #131 Pet cargo temperature monitoring essential for animal safety.,discussion temperature monitoring essential animal safety.,0.4215,0.359,0.641,0.0,positive,['positive_experience'],"['animal', 'animal safety', 'discussion', 'discussion temperature', 'essential', 'essential animal', 'monitoring', 'monitoring essential', 'safety', 'temperature']"
Pet Travel Discussion #132,Delta airlines has excellent pet policy. My dog traveled safely in cargo compartment.,DogAdvice,8,8,2025-04-05 22:58:14.880109,airline pet rules,2025-04,Pet Travel Discussion #132 Delta airlines has excellent pet policy. My dog traveled safely in cargo compartment.,discussion delta airlines excellent policy. traveled safely compartment.,0.7845,0.535,0.465,0.0,positive,"['positive_experience', 'policy_info', 'airline_specific']","['airlines', 'airlines excellent', 'compartment', 'delta', 'delta airlines', 'discussion', 'discussion delta', 'excellent', 'excellent policy', 'policy']"
Pet Travel Discussion #133,Korean Air pet policy allows dogs in cargo with proper carrier.,AirTravel,26,13,2025-07-02 22:58:14.880109,dog anxiety plane,2025-07,Pet Travel Discussion #133 Korean Air pet policy allows dogs in cargo with proper carrier.,discussion korean air policy allows dogs proper carrier.,0.0,0.0,1.0,0.0,neutral,"['policy_info', 'airline_specific']","['air', 'air policy', 'allows', 'allows dogs', 'carrier', 'discussion', 'discussion korean', 'dogs', 'dogs proper', 'korean']"
Pet Travel Discussion #134,Pet travel documents needed: health certificate and vaccination records.,DogAdvice,5,20,2025-04-22 22:58:14.880109,pet carrier flight,2025-04,Pet Travel Discussion #134 Pet travel documents needed: health certificate and vaccination records.,discussion documents needed health certificate vaccination records.,0.0,0.0,1.0,0.0,neutral,['policy_info'],"['certificate', 'certificate vaccination', 'discussion', 'discussion documents', 'documents', 'documents needed', 'health', 'health certificate', 'needed', 'needed health']"
Pet Travel Discussion #135,Airline pet policy comparison shows big differences in care standards.,TravelAdvice,10,12,2025-06-08 22:58:14.880109,dog died cargo hold,2025-06,Pet Travel Discussion #135 Airline pet policy comparison shows big differences in care standards.,discussion policy comparison shows big differences care standards.,0.4939,0.314,0.686,0.0,positive,['policy_info'],"['big', 'big differences', 'care', 'care standards', 'comparison', 'comparison shows', 'differences', 'differences care', 'discussion', 'discussion policy']"
Pet Travel Discussion #136,Safe pet travel requires research on airline policies and requirements.,AirTravel,26,20,2024-08-29 22:58:14.880109,dog airplane cargo,2024-08,Pet Travel Discussion #136 Safe pet travel requires research on airline policies and requirements.,discussion safe requires research policies requirements.,0.4404,0.367,0.633,0.0,positive,"['positive_experience', 'policy_info']","['discussion', 'discussion safe', 'policies', 'policies requirements', 'requirements', 'requires', 'requires research', 'research', 'research policies', 'safe']"
Pet Travel Discussion #137,Airline staff were caring and professional with pet cargo handling.,dogs,27,15,2025-01-03 22:58:14.880109,dog airplane cargo,2025-01,Pet Travel Discussion #137 Airline staff were caring and professional with pet cargo handling.,discussion staff caring professional handling.,0.4939,0.444,0.556,0.0,positive,['positive_experience'],"['caring', 'caring professional', 'discussion', 'discussion staff', 'handling', 'professional', 'professional handling', 'staff', 'staff caring']"
Pet Travel Discussion #138,Safe pet travel requires research on airline policies and requirements.,DogAdvice,30,24,2024-09-14 22:58:14.880109,pet carrier flight,2024-09,Pet Travel Discussion #138 Safe pet travel requires research on airline policies and requirements.,discussion safe requires research policies requirements.,0.4404,0.367,0.633,0.0,positive,"['positive_experience', 'policy_info']","['discussion', 'discussion safe', 'policies', 'policies requirements', 'requirements', 'requires', 'requires research', 'research', 'research policies', 'safe']"
Pet Travel Discussion #139,Dog cargo death statistics are concerning. Need better regulations.,aviation,4,25,2025-03-09 22:58:14.880109,pet travel flight,2025-03,Pet Travel Discussion #139 Dog cargo death statistics are concerning. Need better regulations.,discussion death statistics concerning. better regulations.,-0.25,0.269,0.37,0.361,negative,"['safety_concern', 'policy_info']","['better', 'better regulations', 'concerning', 'concerning better', 'death', 'death statistics', 'discussion', 'discussion death', 'regulations', 'statistics']"
Pet Travel Discussion #140,Dog travel experience was smooth with proper preparation and carrier.,TravelAdvice,11,3,2025-02-21 22:58:14.880109,airline pet policy,2025-02,Pet Travel Discussion #140 Dog travel experience was smooth with proper preparation and carrier.,discussion experience smooth proper preparation carrier.,0.0,0.0,1.0,0.0,neutral,"['positive_experience', 'practical_tip']","['carrier', 'discussion', 'discussion experience', 'experience', 'experience smooth', 'preparation', 'preparation carrier', 'proper', 'proper preparation', 'smooth']"
Pet Travel Discussion #141,"Pet stress signs after baggage compartment flight: panting, anxiety, confusion.",DogAdvice,13,19,2025-02-07 22:58:14.880109,airline pet rules,2025-02,"Pet Travel Discussion #141 Pet stress signs after baggage compartment flight: panting, anxiety, confusion.",discussion stress signs baggage compartment panting anxiety confusion.,-0.6908,0.0,0.427,0.573,negative,['safety_concern'],"['anxiety', 'anxiety confusion', 'baggage', 'baggage compartment', 'compartment', 'compartment panting', 'confusion', 'discussion', 'discussion stress', 'panting']"
Pet Travel Discussion #142,Comfortable pet travel possible with right airline and preparation.,pets,31,22,2024-12-28 22:58:14.880109,airline pet rules,2024-12,Pet Travel Discussion #142 Comfortable pet travel possible with right airline and preparation.,discussion comfortable possible right preparation.,0.5106,0.452,0.548,0.0,positive,['positive_experience'],"['comfortable', 'comfortable possible', 'discussion', 'discussion comfortable', 'possible', 'possible right', 'preparation', 'right', 'right preparation']"
Pet Travel Discussion #143,Pet cargo temperature monitoring essential for animal safety.,AirTravel,-3,10,2024-10-10 22:58:14.880109,dog airplane cargo,2024-10,Pet Travel Discussion #143 Pet cargo temperature monitoring essential for animal safety.,discussion temperature monitoring essential animal safety.,0.4215,0.359,0.641,0.0,positive,['positive_experience'],"['animal', 'animal safety', 'discussion', 'discussion temperature', 'essential', 'essential animal', 'monitoring', 'monitoring essential', 'safety', 'temperature']"
Pet Travel Discussion #144,Scared to put my puppy in airplane cargo. Looking for pet friendly airlines.,TravelAdvice,35,0,2025-06-02 22:58:14.880109,pet carrier flight,2025-06,Pet Travel Discussion #144 Scared to put my puppy in airplane cargo. Looking for pet friendly airlines.,discussion scared put puppy cargo. looking friendly airlines.,0.0772,0.264,0.496,0.24,positive,['safety_concern'],"['airlines', 'cargo', 'cargo looking', 'discussion', 'discussion scared', 'friendly', 'friendly airlines', 'looking', 'looking friendly', 'puppy']"
Pet Travel Discussion #145,Cargo hold temperature concerns for pet safety during long flights.,aviation,-1,19,2025-01-12 22:58:14.880109,dog airplane cargo,2025-01,Pet Travel Discussion #145 Cargo hold temperature concerns for pet safety during long flights.,discussion hold temperature concerns safety long flights.,0.4215,0.318,0.682,0.0,positive,['positive_experience'],"['concerns', 'concerns safety', 'discussion', 'discussion hold', 'flights', 'hold', 'hold temperature', 'long', 'long flights', 'safety']"
Pet Travel Discussion #146,American Airlines animal cargo service was professional. Dog arrived safely.,aviation,47,21,2025-04-24 22:58:14.880109,dog died cargo hold,2025-04,Pet Travel Discussion #146 American Airlines animal cargo service was professional. Dog arrived safely.,discussion american airlines animal service professional. arrived safely.,0.4939,0.314,0.686,0.0,positive,"['positive_experience', 'airline_specific']","['airlines', 'airlines animal', 'american', 'american airlines', 'animal', 'animal service', 'arrived', 'arrived safely', 'discussion', 'discussion american']"
Pet Travel Discussion #147,Comfortable pet travel possible with right airline and preparation.,pets,42,14,2024-11-03 22:58:14.880109,pet cargo death,2024-11,Pet Travel Discussion #147 Comfortable pet travel possible with right airline and preparation.,discussion comfortable possible right preparation.,0.5106,0.452,0.548,0.0,positive,['positive_experience'],"['comfortable', 'comfortable possible', 'discussion', 'discussion comfortable', 'possible', 'possible right', 'preparation', 'right', 'right preparation']"
Pet Travel Discussion #148,Pet anxiety during flight is common. Vet recommended calming medication.,pets,16,14,2024-12-08 22:58:14.880109,pet carrier flight,2024-12,Pet Travel Discussion #148 Pet anxiety during flight is common. Vet recommended calming medication.,discussion anxiety common. vet recommended calming medication.,0.4215,0.441,0.392,0.167,positive,"['safety_concern', 'practical_tip']","['anxiety', 'anxiety common', 'calming', 'calming medication', 'common', 'common vet', 'discussion', 'discussion anxiety', 'medication', 'recommended']"
Pet Travel Discussion #149,Airline staff were caring and professional with pet baggage compartment handling.,TravelAdvice,20,2,2024-10-31 22:58:14.880109,dog died cargo hold,2024-10,Pet Travel Discussion #149 Airline staff were caring and professional with pet baggage compartment handling.,discussion staff caring professional baggage compartment handling.,0.4939,0.348,0.652,0.0,positive,['positive_experience'],"['baggage', 'baggage compartment', 'caring', 'caring professional', 'compartment', 'compartment handling', 'discussion', 'discussion staff', 'handling', 'professional']"
Pet Travel Discussion #150,Airline pet fees are expensive but worth it for pet safety in baggage compartment hold.,puppy,34,19,2025-01-22 22:58:14.880109,dog airplane cargo,2025-01,Pet Travel Discussion #150 Airline pet fees are expensive but worth it for pet safety in baggage compartment hold.,discussion fees expensive worth safety baggage compartment hold.,0.5719,0.439,0.561,0.0,positive,['positive_experience'],"['baggage', 'baggage compartment', 'compartment', 'compartment hold', 'discussion', 'discussion fees', 'expensive', 'expensive worth', 'fees', 'fees expensive']"
