title,text,subreddit,score,num_comments,created_utc,search_term,url,author,month,combined_text,cleaned_text,sentiment_compound,sentiment_pos,sentiment_neu,sentiment_neg,sentiment_sentiment,categories,keywords
Pet Travel Discussion #1,Airline pet fees are expensive but worth it for pet safety in cargo hold.,puppy,6,6,2024-11-24 23:21:41.773116,airline pet policy,https://reddit.com/demo_0,demo_user_0,2024-11,Pet Travel Discussion #1 Airline pet fees are expensive but worth it for pet safety in cargo hold.,discussion fees expensive worth safety hold.,0.5719,0.54,0.46,0.0,positive,['positive_experience'],"['discussion', 'discussion fees', 'expensive', 'expensive worth', 'fees', 'fees expensive', 'hold', 'safety', 'safety hold', 'worth']"
Pet Travel Discussion #2,American Airlines pet cargo service was professional. Dog arrived safely.,pets,38,6,2025-07-14 23:21:41.773116,dog anxiety plane,https://reddit.com/demo_1,demo_user_1,2025-07,Pet Travel Discussion #2 American Airlines pet cargo service was professional. Dog arrived safely.,discussion american airlines service professional. arrived safely.,0.4939,0.348,0.652,0.0,positive,"['positive_experience', 'airline_specific']","['airlines', 'airlines service', 'american', 'american airlines', 'arrived', 'arrived safely', 'discussion', 'discussion american', 'professional', 'professional arrived']"
Pet Travel Discussion #3,Pet travel documents needed: health certificate and vaccination records.,DogAdvice,2,13,2025-01-23 23:21:41.773116,pet carrier flight,https://reddit.com/demo_2,demo_user_2,2025-01,Pet Travel Discussion #3 Pet travel documents needed: health certificate and vaccination records.,discussion documents needed health certificate vaccination records.,0.0,0.0,1.0,0.0,neutral,['policy_info'],"['certificate', 'certificate vaccination', 'discussion', 'discussion documents', 'documents', 'documents needed', 'health', 'health certificate', 'needed', 'needed health']"
Pet Travel Discussion #4,My puppy had a terrible experience in cargo hold. Very stressed and scared during the flight.,puppy,24,22,2025-03-16 23:21:41.773116,airline pet rules,https://reddit.com/demo_3,demo_user_3,2025-03,Pet Travel Discussion #4 My puppy had a terrible experience in cargo hold. Very stressed and scared during the flight.,discussion puppy terrible experience hold. stressed scared flight.,-0.8126,0.0,0.373,0.627,negative,"['safety_concern', 'practical_tip']","['discussion', 'discussion puppy', 'experience', 'experience hold', 'flight', 'hold', 'hold stressed', 'puppy', 'puppy terrible', 'scared']"
Pet Travel Discussion #5,Pet died in cargo during summer heat. Airlines need better climate control.,pets,23,4,2024-08-23 23:21:41.773116,pet travel flight,https://reddit.com/demo_4,demo_user_4,2024-08,Pet Travel Discussion #5 Pet died in cargo during summer heat. Airlines need better climate control.,discussion died summer heat. airlines better climate control.,-0.1779,0.232,0.48,0.288,negative,['safety_concern'],"['airlines', 'airlines better', 'better', 'better climate', 'climate', 'climate control', 'control', 'died', 'died summer', 'discussion']"
Pet Travel Discussion #6,Dog travel experience was smooth with proper preparation and carrier.,pets,15,3,2025-01-23 23:21:41.773116,dog died cargo hold,https://reddit.com/demo_5,demo_user_5,2025-01,Pet Travel Discussion #6 Dog travel experience was smooth with proper preparation and carrier.,discussion experience smooth proper preparation carrier.,0.0,0.0,1.0,0.0,neutral,"['positive_experience', 'practical_tip']","['carrier', 'discussion', 'discussion experience', 'experience', 'experience smooth', 'preparation', 'preparation carrier', 'proper', 'proper preparation', 'smooth']"
Pet Travel Discussion #7,Comfortable animal travel possible with right airline and preparation.,AirTravel,15,2,2024-10-18 23:21:41.773116,dog anxiety plane,https://reddit.com/demo_6,demo_user_6,2024-10,Pet Travel Discussion #7 Comfortable animal travel possible with right airline and preparation.,discussion comfortable animal possible right preparation.,0.5106,0.398,0.602,0.0,positive,['positive_experience'],"['animal', 'animal possible', 'comfortable', 'comfortable animal', 'discussion', 'discussion comfortable', 'possible', 'possible right', 'preparation', 'right']"
Pet Travel Discussion #8,Dog anxiety medication helped during cargo flight experience.,DogAdvice,29,18,2024-08-12 23:21:41.773116,pet travel flight,https://reddit.com/demo_7,demo_user_7,2024-08,Pet Travel Discussion #8 Dog anxiety medication helped during cargo flight experience.,discussion anxiety medication helped experience.,-0.1779,0.0,0.702,0.298,negative,"['safety_concern', 'practical_tip']","['anxiety', 'anxiety medication', 'discussion', 'discussion anxiety', 'experience', 'helped', 'helped experience', 'medication', 'medication helped']"
Pet Travel Discussion #9,My dog had a terrible experience in cargo hold. Very stressed and scared during the flight.,aviation,31,11,2024-09-10 23:21:41.773116,airline pet policy,https://reddit.com/demo_8,demo_user_8,2024-09,Pet Travel Discussion #9 My dog had a terrible experience in cargo hold. Very stressed and scared during the flight.,discussion terrible experience hold. stressed scared flight.,-0.8126,0.0,0.323,0.677,negative,"['safety_concern', 'practical_tip']","['discussion', 'discussion terrible', 'experience', 'experience hold', 'flight', 'hold', 'hold stressed', 'scared', 'scared flight', 'stressed']"
Pet Travel Discussion #10,Scared to put my dog in airplane cargo. Looking for pet friendly airlines.,flying,5,8,2024-09-04 23:21:41.773116,dog died cargo hold,https://reddit.com/demo_9,demo_user_9,2024-09,Pet Travel Discussion #10 Scared to put my dog in airplane cargo. Looking for pet friendly airlines.,discussion scared put cargo. looking friendly airlines.,0.0772,0.288,0.45,0.261,positive,['safety_concern'],"['airlines', 'cargo', 'cargo looking', 'discussion', 'discussion scared', 'friendly', 'friendly airlines', 'looking', 'looking friendly', 'scared']"
Pet Travel Discussion #11,Dog travel experience was smooth with proper preparation and carrier.,pets,3,16,2024-12-10 23:21:41.773116,pet carrier flight,https://reddit.com/demo_10,demo_user_0,2024-12,Pet Travel Discussion #11 Dog travel experience was smooth with proper preparation and carrier.,discussion experience smooth proper preparation carrier.,0.0,0.0,1.0,0.0,neutral,"['positive_experience', 'practical_tip']","['carrier', 'discussion', 'discussion experience', 'experience', 'experience smooth', 'preparation', 'preparation carrier', 'proper', 'proper preparation', 'smooth']"
Pet Travel Discussion #12,Pet anxiety during flight is common. Vet recommended calming medication.,travel,13,19,2025-05-03 23:21:41.773116,pet cargo death,https://reddit.com/demo_11,demo_user_1,2025-05,Pet Travel Discussion #12 Pet anxiety during flight is common. Vet recommended calming medication.,discussion anxiety common. vet recommended calming medication.,0.4215,0.441,0.392,0.167,positive,"['safety_concern', 'practical_tip']","['anxiety', 'anxiety common', 'calming', 'calming medication', 'common', 'common vet', 'discussion', 'discussion anxiety', 'medication', 'recommended']"
Pet Travel Discussion #13,Airline pet carrier requirements are very strict. Make sure to check size limits.,petadvice,29,15,2024-09-03 23:21:41.773116,dog airplane cargo,https://reddit.com/demo_12,demo_user_2,2024-09,Pet Travel Discussion #13 Airline pet carrier requirements are very strict. Make sure to check size limits.,discussion carrier requirements strict. make sure check size limits.,0.3182,0.223,0.777,0.0,positive,['policy_info'],"['carrier', 'carrier requirements', 'check', 'check size', 'discussion', 'discussion carrier', 'limits', 'make', 'make sure', 'requirements']"
Pet Travel Discussion #14,Safe pet travel requires research on airline policies and requirements.,TravelAdvice,14,9,2024-08-26 23:21:41.773116,dog anxiety plane,https://reddit.com/demo_13,demo_user_3,2024-08,Pet Travel Discussion #14 Safe pet travel requires research on airline policies and requirements.,discussion safe requires research policies requirements.,0.4404,0.367,0.633,0.0,positive,"['positive_experience', 'policy_info']","['discussion', 'discussion safe', 'policies', 'policies requirements', 'requirements', 'requires', 'requires research', 'research', 'research policies', 'safe']"
Pet Travel Discussion #15,Dog died in cargo hold during United flight. This is so dangerous for pets.,flying,33,24,2025-04-18 23:21:41.773116,airline pet rules,https://reddit.com/demo_14,demo_user_4,2025-04,Pet Travel Discussion #15 Dog died in cargo hold during United flight. This is so dangerous for pets.,discussion died hold united flight. dangerous pets.,-0.5994,0.207,0.296,0.496,negative,"['safety_concern', 'airline_specific']","['dangerous', 'dangerous pets', 'died', 'died hold', 'discussion', 'discussion died', 'flight', 'flight dangerous', 'hold', 'hold united']"
Pet Travel Discussion #16,Safe pet travel requires research on airline policies and requirements.,travel,22,17,2025-03-05 23:21:41.773116,airline pet rules,https://reddit.com/demo_15,demo_user_5,2025-03,Pet Travel Discussion #16 Safe pet travel requires research on airline policies and requirements.,discussion safe requires research policies requirements.,0.4404,0.367,0.633,0.0,positive,"['positive_experience', 'policy_info']","['discussion', 'discussion safe', 'policies', 'policies requirements', 'requirements', 'requires', 'requires research', 'research', 'research policies', 'safe']"
Pet Travel Discussion #17,Dog anxiety medication helped during cargo flight experience.,puppy,50,10,2025-04-13 23:21:41.773116,airline pet rules,https://reddit.com/demo_16,demo_user_6,2025-04,Pet Travel Discussion #17 Dog anxiety medication helped during cargo flight experience.,discussion anxiety medication helped experience.,-0.1779,0.0,0.702,0.298,negative,"['safety_concern', 'practical_tip']","['anxiety', 'anxiety medication', 'discussion', 'discussion anxiety', 'experience', 'helped', 'helped experience', 'medication', 'medication helped']"
Pet Travel Discussion #18,Dog travel experience was smooth with proper preparation and carrier.,pets,13,16,2025-05-06 23:21:41.773116,airline pet rules,https://reddit.com/demo_17,demo_user_7,2025-05,Pet Travel Discussion #18 Dog travel experience was smooth with proper preparation and carrier.,discussion experience smooth proper preparation carrier.,0.0,0.0,1.0,0.0,neutral,"['positive_experience', 'practical_tip']","['carrier', 'discussion', 'discussion experience', 'experience', 'experience smooth', 'preparation', 'preparation carrier', 'proper', 'proper preparation', 'smooth']"
Pet Travel Discussion #19,Pet travel documents needed: health certificate and vaccination records.,TravelAdvice,30,24,2024-09-10 23:21:41.773116,dog died cargo hold,https://reddit.com/demo_18,demo_user_8,2024-09,Pet Travel Discussion #19 Pet travel documents needed: health certificate and vaccination records.,discussion documents needed health certificate vaccination records.,0.0,0.0,1.0,0.0,neutral,['policy_info'],"['certificate', 'certificate vaccination', 'discussion', 'discussion documents', 'documents', 'documents needed', 'health', 'health certificate', 'needed', 'needed health']"
Pet Travel Discussion #20,Dog died in cargo hold during United flight. This is so dangerous for animals.,travel,43,4,2025-07-05 23:21:41.773116,pet carrier flight,https://reddit.com/demo_19,demo_user_9,2025-07,Pet Travel Discussion #20 Dog died in cargo hold during United flight. This is so dangerous for animals.,discussion died hold united flight. dangerous animals.,-0.5994,0.207,0.296,0.496,negative,"['safety_concern', 'airline_specific']","['animals', 'dangerous', 'dangerous animals', 'died', 'died hold', 'discussion', 'discussion died', 'flight', 'flight dangerous', 'hold']"
Pet Travel Discussion #21,Delta airlines has excellent pet policy. My puppy traveled safely in cargo compartment.,TravelAdvice,39,16,2025-02-23 23:21:41.773116,pet travel flight,https://reddit.com/demo_20,demo_user_0,2025-02,Pet Travel Discussion #21 Delta airlines has excellent pet policy. My puppy traveled safely in cargo compartment.,discussion delta airlines excellent policy. puppy traveled safely compartment.,0.7845,0.496,0.504,0.0,positive,"['positive_experience', 'policy_info', 'airline_specific']","['airlines', 'airlines excellent', 'compartment', 'delta', 'delta airlines', 'discussion', 'discussion delta', 'excellent', 'excellent policy', 'policy']"
Pet Travel Discussion #22,Dog cargo death statistics are concerning. Need better regulations.,petadvice,50,20,2025-03-06 23:21:41.773116,airline pet rules,https://reddit.com/demo_21,demo_user_1,2025-03,Pet Travel Discussion #22 Dog cargo death statistics are concerning. Need better regulations.,discussion death statistics concerning. better regulations.,-0.25,0.269,0.37,0.361,negative,"['safety_concern', 'policy_info']","['better', 'better regulations', 'concerning', 'concerning better', 'death', 'death statistics', 'discussion', 'discussion death', 'regulations', 'statistics']"
Pet Travel Discussion #23,Comfortable pet travel possible with right airline and preparation.,puppy,0,25,2025-02-19 23:21:41.773116,airline pet policy,https://reddit.com/demo_22,demo_user_2,2025-02,Pet Travel Discussion #23 Comfortable pet travel possible with right airline and preparation.,discussion comfortable possible right preparation.,0.5106,0.452,0.548,0.0,positive,['positive_experience'],"['comfortable', 'comfortable possible', 'discussion', 'discussion comfortable', 'possible', 'possible right', 'preparation', 'right', 'right preparation']"
Pet Travel Discussion #24,Delta airlines has excellent animal policy. My dog traveled safely in cargo compartment.,DogAdvice,24,20,2025-01-18 23:21:41.773116,dog died cargo hold,https://reddit.com/demo_23,demo_user_3,2025-01,Pet Travel Discussion #24 Delta airlines has excellent animal policy. My dog traveled safely in cargo compartment.,discussion delta airlines excellent animal policy. traveled safely compartment.,0.7845,0.496,0.504,0.0,positive,"['positive_experience', 'policy_info', 'airline_specific']","['airlines', 'airlines excellent', 'animal', 'animal policy', 'compartment', 'delta', 'delta airlines', 'discussion', 'discussion delta', 'excellent']"
Pet Travel Discussion #25,Korean Air animal policy allows dogs in cargo with proper carrier.,travel,28,21,2025-04-12 23:21:41.773116,pet travel flight,https://reddit.com/demo_24,demo_user_4,2025-04,Pet Travel Discussion #25 Korean Air animal policy allows dogs in cargo with proper carrier.,discussion korean air animal policy allows dogs proper carrier.,0.0,0.0,1.0,0.0,neutral,"['policy_info', 'airline_specific']","['air', 'air animal', 'allows', 'allows dogs', 'animal', 'animal policy', 'carrier', 'discussion', 'discussion korean', 'dogs']"
Pet Travel Discussion #26,Airline pet carrier requirements are very strict. Make sure to check size limits.,TravelAdvice,22,2,2025-02-15 23:21:41.773116,dog airplane cargo,https://reddit.com/demo_25,demo_user_5,2025-02,Pet Travel Discussion #26 Airline pet carrier requirements are very strict. Make sure to check size limits.,discussion carrier requirements strict. make sure check size limits.,0.3182,0.223,0.777,0.0,positive,['policy_info'],"['carrier', 'carrier requirements', 'check', 'check size', 'discussion', 'discussion carrier', 'limits', 'make', 'make sure', 'requirements']"
Pet Travel Discussion #27,Pet travel documents needed: health certificate and vaccination records.,TravelAdvice,14,3,2025-01-12 23:21:41.773116,pet carrier flight,https://reddit.com/demo_26,demo_user_6,2025-01,Pet Travel Discussion #27 Pet travel documents needed: health certificate and vaccination records.,discussion documents needed health certificate vaccination records.,0.0,0.0,1.0,0.0,neutral,['policy_info'],"['certificate', 'certificate vaccination', 'discussion', 'discussion documents', 'documents', 'documents needed', 'health', 'health certificate', 'needed', 'needed health']"
Pet Travel Discussion #28,Safe animal travel requires research on airline policies and requirements.,DogAdvice,49,19,2025-02-03 23:21:41.773116,airline pet policy,https://reddit.com/demo_27,demo_user_7,2025-02,Pet Travel Discussion #28 Safe animal travel requires research on airline policies and requirements.,discussion safe animal requires research policies requirements.,0.4404,0.326,0.674,0.0,positive,"['positive_experience', 'policy_info']","['animal', 'animal requires', 'discussion', 'discussion safe', 'policies', 'policies requirements', 'requirements', 'requires', 'requires research', 'research']"
Pet Travel Discussion #29,Dog anxiety medication helped during cargo flight experience.,puppy,33,18,2024-09-11 23:21:41.773116,dog airplane cargo,https://reddit.com/demo_28,demo_user_8,2024-09,Pet Travel Discussion #29 Dog anxiety medication helped during cargo flight experience.,discussion anxiety medication helped experience.,-0.1779,0.0,0.702,0.298,negative,"['safety_concern', 'practical_tip']","['anxiety', 'anxiety medication', 'discussion', 'discussion anxiety', 'experience', 'helped', 'helped experience', 'medication', 'medication helped']"
Pet Travel Discussion #30,American Airlines pet cargo service was professional. Dog arrived safely.,AirTravel,48,3,2025-03-11 23:21:41.773116,dog airplane cargo,https://reddit.com/demo_29,demo_user_9,2025-03,Pet Travel Discussion #30 American Airlines pet cargo service was professional. Dog arrived safely.,discussion american airlines service professional. arrived safely.,0.4939,0.348,0.652,0.0,positive,"['positive_experience', 'airline_specific']","['airlines', 'airlines service', 'american', 'american airlines', 'arrived', 'arrived safely', 'discussion', 'discussion american', 'professional', 'professional arrived']"
Pet Travel Discussion #31,Dog died in baggage compartment hold during United flight. This is so dangerous for pets.,pets,33,14,2024-11-12 23:21:41.773116,pet travel flight,https://reddit.com/demo_30,demo_user_0,2024-11,Pet Travel Discussion #31 Dog died in baggage compartment hold during United flight. This is so dangerous for pets.,discussion died baggage compartment hold united flight. dangerous pets.,-0.5994,0.181,0.387,0.432,negative,"['safety_concern', 'airline_specific']","['baggage', 'baggage compartment', 'compartment', 'compartment hold', 'dangerous', 'dangerous pets', 'died', 'died baggage', 'discussion', 'discussion died']"
Pet Travel Discussion #32,Cargo hold temperature concerns for animal safety during long flights.,dogs,21,20,2025-05-28 23:21:41.773116,pet cargo death,https://reddit.com/demo_31,demo_user_1,2025-05,Pet Travel Discussion #32 Cargo hold temperature concerns for animal safety during long flights.,discussion hold temperature concerns animal safety long flights.,0.4215,0.286,0.714,0.0,positive,['positive_experience'],"['animal', 'animal safety', 'concerns', 'concerns animal', 'discussion', 'discussion hold', 'flights', 'hold', 'hold temperature', 'long']"
Pet Travel Discussion #33,Airline pet policy comparison shows big differences in care standards.,TravelAdvice,38,10,2025-03-21 23:21:41.773116,airline pet rules,https://reddit.com/demo_32,demo_user_2,2025-03,Pet Travel Discussion #33 Airline pet policy comparison shows big differences in care standards.,discussion policy comparison shows big differences care standards.,0.4939,0.314,0.686,0.0,positive,['policy_info'],"['big', 'big differences', 'care', 'care standards', 'comparison', 'comparison shows', 'differences', 'differences care', 'discussion', 'discussion policy']"
Pet Travel Discussion #34,Airline pet policy comparison shows big differences in care standards.,flying,44,4,2025-01-11 23:21:41.773116,airline pet rules,https://reddit.com/demo_33,demo_user_3,2025-01,Pet Travel Discussion #34 Airline pet policy comparison shows big differences in care standards.,discussion policy comparison shows big differences care standards.,0.4939,0.314,0.686,0.0,positive,['policy_info'],"['big', 'big differences', 'care', 'care standards', 'comparison', 'comparison shows', 'differences', 'differences care', 'discussion', 'discussion policy']"
Pet Travel Discussion #35,Dog carrier must meet airline requirements. Size and ventilation important.,TravelAdvice,25,6,2025-06-24 23:21:41.773116,airline pet rules,https://reddit.com/demo_34,demo_user_4,2025-06,Pet Travel Discussion #35 Dog carrier must meet airline requirements. Size and ventilation important.,discussion carrier must meet requirements. size ventilation important.,0.2023,0.205,0.795,0.0,positive,['policy_info'],"['carrier', 'carrier meet', 'discussion', 'discussion carrier', 'important', 'meet', 'meet requirements', 'requirements', 'requirements size', 'size']"
Pet Travel Discussion #36,My dog had a terrible experience in baggage compartment hold. Very stressed and scared during the flight.,pets,15,1,2025-05-22 23:21:41.773116,dog died cargo hold,https://reddit.com/demo_35,demo_user_5,2025-05,Pet Travel Discussion #36 My dog had a terrible experience in baggage compartment hold. Very stressed and scared during the flight.,discussion terrible experience baggage compartment hold. stressed scared flight.,-0.8126,0.0,0.417,0.583,negative,"['safety_concern', 'practical_tip']","['baggage', 'baggage compartment', 'compartment', 'compartment hold', 'discussion', 'discussion terrible', 'experience', 'experience baggage', 'flight', 'hold']"
Pet Travel Discussion #37,Pet carrier size restrictions vary by airline. Check before booking.,dogs,5,4,2025-06-05 23:21:41.773116,pet cargo death,https://reddit.com/demo_36,demo_user_6,2025-06,Pet Travel Discussion #37 Pet carrier size restrictions vary by airline. Check before booking.,discussion carrier size restrictions vary airline. check booking.,0.0,0.0,1.0,0.0,neutral,['general'],"['airline', 'airline check', 'booking', 'carrier', 'carrier size', 'check', 'check booking', 'discussion', 'discussion carrier', 'restrictions']"
Pet Travel Discussion #38,Dog carrier must meet airline requirements. Size and ventilation important.,DogAdvice,-3,5,2025-05-23 23:21:41.773116,pet travel flight,https://reddit.com/demo_37,demo_user_7,2025-05,Pet Travel Discussion #38 Dog carrier must meet airline requirements. Size and ventilation important.,discussion carrier must meet requirements. size ventilation important.,0.2023,0.205,0.795,0.0,positive,['policy_info'],"['carrier', 'carrier meet', 'discussion', 'discussion carrier', 'important', 'meet', 'meet requirements', 'requirements', 'requirements size', 'size']"
Pet Travel Discussion #39,Pet cargo temperature monitoring essential for animal safety.,travel,36,18,2025-03-17 23:21:41.773116,pet travel flight,https://reddit.com/demo_38,demo_user_8,2025-03,Pet Travel Discussion #39 Pet cargo temperature monitoring essential for animal safety.,discussion temperature monitoring essential animal safety.,0.4215,0.359,0.641,0.0,positive,['positive_experience'],"['animal', 'animal safety', 'discussion', 'discussion temperature', 'essential', 'essential animal', 'monitoring', 'monitoring essential', 'safety', 'temperature']"
Pet Travel Discussion #40,Dog carrier must meet airline requirements. Size and ventilation important.,dogs,14,1,2025-03-31 23:21:41.773116,pet cargo death,https://reddit.com/demo_39,demo_user_9,2025-03,Pet Travel Discussion #40 Dog carrier must meet airline requirements. Size and ventilation important.,discussion carrier must meet requirements. size ventilation important.,0.2023,0.205,0.795,0.0,positive,['policy_info'],"['carrier', 'carrier meet', 'discussion', 'discussion carrier', 'important', 'meet', 'meet requirements', 'requirements', 'requirements size', 'size']"
Pet Travel Discussion #41,Pet travel tips: always use IATA approved carrier and check airline pet policy.,flying,16,24,2024-09-18 23:21:41.773116,dog died cargo hold,https://reddit.com/demo_40,demo_user_0,2024-09,Pet Travel Discussion #41 Pet travel tips: always use IATA approved carrier and check airline pet policy.,discussion tips always use iata approved carrier check policy.,0.4215,0.259,0.741,0.0,positive,"['policy_info', 'practical_tip']","['approved', 'approved carrier', 'carrier', 'carrier check', 'check', 'check policy', 'discussion', 'discussion tips', 'iata', 'iata approved']"
Pet Travel Discussion #42,Pet baggage compartment temperature monitoring essential for animal safety.,pets,-5,0,2025-01-08 23:21:41.773116,airline pet rules,https://reddit.com/demo_41,demo_user_1,2025-01,Pet Travel Discussion #42 Pet baggage compartment temperature monitoring essential for animal safety.,discussion baggage compartment temperature monitoring essential animal safety.,0.4215,0.286,0.714,0.0,positive,['positive_experience'],"['animal', 'animal safety', 'baggage', 'baggage compartment', 'compartment', 'compartment temperature', 'discussion', 'discussion baggage', 'essential', 'essential animal']"
Pet Travel Discussion #43,Delta airlines has excellent pet policy. My dog traveled safely in baggage compartment compartment.,DogAdvice,2,24,2025-03-03 23:21:41.773116,pet cargo death,https://reddit.com/demo_42,demo_user_2,2025-03,Pet Travel Discussion #43 Delta airlines has excellent pet policy. My dog traveled safely in baggage compartment compartment.,discussion delta airlines excellent policy. traveled safely baggage compartment compartment.,0.7845,0.463,0.537,0.0,positive,"['positive_experience', 'policy_info', 'airline_specific']","['compartment', 'airlines', 'airlines excellent', 'baggage', 'baggage compartment', 'compartment compartment', 'delta', 'delta airlines', 'discussion', 'discussion delta']"
Pet Travel Discussion #44,Scared to put my dog in airplane cargo. Looking for pet friendly airlines.,flying,29,22,2024-11-06 23:21:41.773116,airline pet rules,https://reddit.com/demo_43,demo_user_3,2024-11,Pet Travel Discussion #44 Scared to put my dog in airplane cargo. Looking for pet friendly airlines.,discussion scared put cargo. looking friendly airlines.,0.0772,0.288,0.45,0.261,positive,['safety_concern'],"['airlines', 'cargo', 'cargo looking', 'discussion', 'discussion scared', 'friendly', 'friendly airlines', 'looking', 'looking friendly', 'scared']"
Pet Travel Discussion #45,Airline pet carrier requirements are very strict. Make sure to check size limits.,AirTravel,15,22,2024-08-11 23:21:41.773116,dog died cargo hold,https://reddit.com/demo_44,demo_user_4,2024-08,Pet Travel Discussion #45 Airline pet carrier requirements are very strict. Make sure to check size limits.,discussion carrier requirements strict. make sure check size limits.,0.3182,0.223,0.777,0.0,positive,['policy_info'],"['carrier', 'carrier requirements', 'check', 'check size', 'discussion', 'discussion carrier', 'limits', 'make', 'make sure', 'requirements']"
Pet Travel Discussion #46,Dog carrier must meet airline requirements. Size and ventilation important.,AirTravel,9,2,2024-11-22 23:21:41.773116,pet cargo death,https://reddit.com/demo_45,demo_user_5,2024-11,Pet Travel Discussion #46 Dog carrier must meet airline requirements. Size and ventilation important.,discussion carrier must meet requirements. size ventilation important.,0.2023,0.205,0.795,0.0,positive,['policy_info'],"['carrier', 'carrier meet', 'discussion', 'discussion carrier', 'important', 'meet', 'meet requirements', 'requirements', 'requirements size', 'size']"
Pet Travel Discussion #47,Dog died in baggage compartment hold during United flight. This is so dangerous for pets.,travel,23,13,2024-08-31 23:21:41.773116,pet travel flight,https://reddit.com/demo_46,demo_user_6,2024-08,Pet Travel Discussion #47 Dog died in baggage compartment hold during United flight. This is so dangerous for pets.,discussion died baggage compartment hold united flight. dangerous pets.,-0.5994,0.181,0.387,0.432,negative,"['safety_concern', 'airline_specific']","['baggage', 'baggage compartment', 'compartment', 'compartment hold', 'dangerous', 'dangerous pets', 'died', 'died baggage', 'discussion', 'discussion died']"
Pet Travel Discussion #48,Scared to put my dog in airplane cargo. Looking for pet friendly airlines.,TravelAdvice,13,14,2024-09-20 23:21:41.773116,dog died cargo hold,https://reddit.com/demo_47,demo_user_7,2024-09,Pet Travel Discussion #48 Scared to put my dog in airplane cargo. Looking for pet friendly airlines.,discussion scared put cargo. looking friendly airlines.,0.0772,0.288,0.45,0.261,positive,['safety_concern'],"['airlines', 'cargo', 'cargo looking', 'discussion', 'discussion scared', 'friendly', 'friendly airlines', 'looking', 'looking friendly', 'scared']"
Pet Travel Discussion #49,Airline pet carrier requirements are very strict. Make sure to check size limits.,pets,34,2,2025-01-30 23:21:41.773116,pet travel flight,https://reddit.com/demo_48,demo_user_8,2025-01,Pet Travel Discussion #49 Airline pet carrier requirements are very strict. Make sure to check size limits.,discussion carrier requirements strict. make sure check size limits.,0.3182,0.223,0.777,0.0,positive,['policy_info'],"['carrier', 'carrier requirements', 'check', 'check size', 'discussion', 'discussion carrier', 'limits', 'make', 'make sure', 'requirements']"
Pet Travel Discussion #50,Airline pet carrier requirements are very strict. Make sure to check size limits.,petadvice,5,16,2024-08-04 23:21:41.773116,pet cargo death,https://reddit.com/demo_49,demo_user_9,2024-08,Pet Travel Discussion #50 Airline pet carrier requirements are very strict. Make sure to check size limits.,discussion carrier requirements strict. make sure check size limits.,0.3182,0.223,0.777,0.0,positive,['policy_info'],"['carrier', 'carrier requirements', 'check', 'check size', 'discussion', 'discussion carrier', 'limits', 'make', 'make sure', 'requirements']"
Pet Travel Discussion #51,Airline pet policy comparison shows big differences in care standards.,aviation,14,11,2025-04-24 23:21:41.773116,dog anxiety plane,https://reddit.com/demo_50,demo_user_0,2025-04,Pet Travel Discussion #51 Airline pet policy comparison shows big differences in care standards.,discussion policy comparison shows big differences care standards.,0.4939,0.314,0.686,0.0,positive,['policy_info'],"['big', 'big differences', 'care', 'care standards', 'comparison', 'comparison shows', 'differences', 'differences care', 'discussion', 'discussion policy']"
Pet Travel Discussion #52,Comfortable animal travel possible with right airline and preparation.,flying,14,21,2024-11-02 23:21:41.773116,pet travel flight,https://reddit.com/demo_51,demo_user_1,2024-11,Pet Travel Discussion #52 Comfortable animal travel possible with right airline and preparation.,discussion comfortable animal possible right preparation.,0.5106,0.398,0.602,0.0,positive,['positive_experience'],"['animal', 'animal possible', 'comfortable', 'comfortable animal', 'discussion', 'discussion comfortable', 'possible', 'possible right', 'preparation', 'right']"
Pet Travel Discussion #53,Pet travel tips: always use IATA approved carrier and check airline animal policy.,flying,13,22,2025-06-27 23:21:41.773116,dog airplane cargo,https://reddit.com/demo_52,demo_user_2,2025-06,Pet Travel Discussion #53 Pet travel tips: always use IATA approved carrier and check airline animal policy.,discussion tips always use iata approved carrier check animal policy.,0.4215,0.237,0.763,0.0,positive,"['policy_info', 'practical_tip']","['animal', 'animal policy', 'approved', 'approved carrier', 'carrier', 'carrier check', 'check', 'check animal', 'discussion', 'discussion tips']"
Pet Travel Discussion #54,Korean Air pet policy allows dogs in baggage compartment with proper carrier.,flying,21,7,2024-09-02 23:21:41.773116,dog anxiety plane,https://reddit.com/demo_53,demo_user_3,2024-09,Pet Travel Discussion #54 Korean Air pet policy allows dogs in baggage compartment with proper carrier.,discussion korean air policy allows dogs baggage compartment proper carrier.,0.0,0.0,1.0,0.0,neutral,"['policy_info', 'airline_specific']","['air', 'air policy', 'allows', 'allows dogs', 'baggage', 'baggage compartment', 'carrier', 'compartment', 'compartment proper', 'discussion']"
Pet Travel Discussion #55,American Airlines pet cargo service was professional. Dog arrived safely.,puppy,29,23,2025-04-18 23:21:41.773116,dog airplane cargo,https://reddit.com/demo_54,demo_user_4,2025-04,Pet Travel Discussion #55 American Airlines pet cargo service was professional. Dog arrived safely.,discussion american airlines service professional. arrived safely.,0.4939,0.348,0.652,0.0,positive,"['positive_experience', 'airline_specific']","['airlines', 'airlines service', 'american', 'american airlines', 'arrived', 'arrived safely', 'discussion', 'discussion american', 'professional', 'professional arrived']"
Pet Travel Discussion #56,Dog cargo death statistics are concerning. Need better regulations.,AirTravel,39,17,2024-12-04 23:21:41.773116,pet travel flight,https://reddit.com/demo_55,demo_user_5,2024-12,Pet Travel Discussion #56 Dog cargo death statistics are concerning. Need better regulations.,discussion death statistics concerning. better regulations.,-0.25,0.269,0.37,0.361,negative,"['safety_concern', 'policy_info']","['better', 'better regulations', 'concerning', 'concerning better', 'death', 'death statistics', 'discussion', 'discussion death', 'regulations', 'statistics']"
Pet Travel Discussion #57,Airline animal carrier requirements are very strict. Make sure to check size limits.,AirTravel,-1,1,2024-08-28 23:21:41.773116,airline pet rules,https://reddit.com/demo_56,demo_user_6,2024-08,Pet Travel Discussion #57 Airline animal carrier requirements are very strict. Make sure to check size limits.,discussion animal carrier requirements strict. make sure check size limits.,0.3182,0.204,0.796,0.0,positive,['policy_info'],"['animal', 'animal carrier', 'carrier', 'carrier requirements', 'check', 'check size', 'discussion', 'discussion animal', 'limits', 'make']"
Pet Travel Discussion #58,"Pet stress signs after cargo flight: panting, anxiety, confusion.",AirTravel,32,4,2024-12-23 23:21:41.773116,dog anxiety plane,https://reddit.com/demo_57,demo_user_7,2024-12,"Pet Travel Discussion #58 Pet stress signs after cargo flight: panting, anxiety, confusion.",discussion stress signs panting anxiety confusion.,-0.6908,0.0,0.309,0.691,negative,['safety_concern'],"['anxiety', 'anxiety confusion', 'confusion', 'discussion', 'discussion stress', 'panting', 'panting anxiety', 'signs', 'signs panting', 'stress']"
Pet Travel Discussion #59,Delta airlines has excellent pet policy. My dog traveled safely in cargo compartment.,puppy,48,5,2024-10-28 23:21:41.773116,airline pet policy,https://reddit.com/demo_58,demo_user_8,2024-10,Pet Travel Discussion #59 Delta airlines has excellent pet policy. My dog traveled safely in cargo compartment.,discussion delta airlines excellent policy. traveled safely compartment.,0.7845,0.535,0.465,0.0,positive,"['positive_experience', 'policy_info', 'airline_specific']","['airlines', 'airlines excellent', 'compartment', 'delta', 'delta airlines', 'discussion', 'discussion delta', 'excellent', 'excellent policy', 'policy']"
Pet Travel Discussion #60,Dog died in cargo hold during United flight. This is so dangerous for pets.,TravelAdvice,48,17,2024-12-16 23:21:41.773116,dog anxiety plane,https://reddit.com/demo_59,demo_user_9,2024-12,Pet Travel Discussion #60 Dog died in cargo hold during United flight. This is so dangerous for pets.,discussion died hold united flight. dangerous pets.,-0.5994,0.207,0.296,0.496,negative,"['safety_concern', 'airline_specific']","['dangerous', 'dangerous pets', 'died', 'died hold', 'discussion', 'discussion died', 'flight', 'flight dangerous', 'hold', 'hold united']"
Pet Travel Discussion #61,Pet anxiety during flight is common. Vet recommended calming medication.,aviation,13,8,2024-09-14 23:21:41.773116,dog airplane cargo,https://reddit.com/demo_60,demo_user_0,2024-09,Pet Travel Discussion #61 Pet anxiety during flight is common. Vet recommended calming medication.,discussion anxiety common. vet recommended calming medication.,0.4215,0.441,0.392,0.167,positive,"['safety_concern', 'practical_tip']","['anxiety', 'anxiety common', 'calming', 'calming medication', 'common', 'common vet', 'discussion', 'discussion anxiety', 'medication', 'recommended']"
Pet Travel Discussion #62,Dog anxiety medication helped during cargo flight experience.,travel,10,5,2025-01-30 23:21:41.773116,airline pet policy,https://reddit.com/demo_61,demo_user_1,2025-01,Pet Travel Discussion #62 Dog anxiety medication helped during cargo flight experience.,discussion anxiety medication helped experience.,-0.1779,0.0,0.702,0.298,negative,"['safety_concern', 'practical_tip']","['anxiety', 'anxiety medication', 'discussion', 'discussion anxiety', 'experience', 'helped', 'helped experience', 'medication', 'medication helped']"
Pet Travel Discussion #63,Pet cargo temperature monitoring essential for animal safety.,dogs,11,25,2025-05-22 23:21:41.773116,dog anxiety plane,https://reddit.com/demo_62,demo_user_2,2025-05,Pet Travel Discussion #63 Pet cargo temperature monitoring essential for animal safety.,discussion temperature monitoring essential animal safety.,0.4215,0.359,0.641,0.0,positive,['positive_experience'],"['animal', 'animal safety', 'discussion', 'discussion temperature', 'essential', 'essential animal', 'monitoring', 'monitoring essential', 'safety', 'temperature']"
Pet Travel Discussion #64,My puppy had a terrible experience in cargo hold. Very stressed and scared during the flight.,puppy,19,21,2025-01-30 23:21:41.773116,airline pet policy,https://reddit.com/demo_63,demo_user_3,2025-01,Pet Travel Discussion #64 My puppy had a terrible experience in cargo hold. Very stressed and scared during the flight.,discussion puppy terrible experience hold. stressed scared flight.,-0.8126,0.0,0.373,0.627,negative,"['safety_concern', 'practical_tip']","['discussion', 'discussion puppy', 'experience', 'experience hold', 'flight', 'hold', 'hold stressed', 'puppy', 'puppy terrible', 'scared']"
Pet Travel Discussion #65,Pet cargo temperature monitoring essential for animal safety.,petadvice,10,7,2024-08-01 23:21:41.773116,pet travel flight,https://reddit.com/demo_64,demo_user_4,2024-08,Pet Travel Discussion #65 Pet cargo temperature monitoring essential for animal safety.,discussion temperature monitoring essential animal safety.,0.4215,0.359,0.641,0.0,positive,['positive_experience'],"['animal', 'animal safety', 'discussion', 'discussion temperature', 'essential', 'essential animal', 'monitoring', 'monitoring essential', 'safety', 'temperature']"
Pet Travel Discussion #66,Comfortable pet travel possible with right airline and preparation.,AirTravel,32,10,2025-05-30 23:21:41.773116,dog died cargo hold,https://reddit.com/demo_65,demo_user_5,2025-05,Pet Travel Discussion #66 Comfortable pet travel possible with right airline and preparation.,discussion comfortable possible right preparation.,0.5106,0.452,0.548,0.0,positive,['positive_experience'],"['comfortable', 'comfortable possible', 'discussion', 'discussion comfortable', 'possible', 'possible right', 'preparation', 'right', 'right preparation']"
Pet Travel Discussion #67,Korean Air pet policy allows dogs in baggage compartment with proper carrier.,dogs,33,6,2024-10-08 23:21:41.773116,dog airplane cargo,https://reddit.com/demo_66,demo_user_6,2024-10,Pet Travel Discussion #67 Korean Air pet policy allows dogs in baggage compartment with proper carrier.,discussion korean air policy allows dogs baggage compartment proper carrier.,0.0,0.0,1.0,0.0,neutral,"['policy_info', 'airline_specific']","['air', 'air policy', 'allows', 'allows dogs', 'baggage', 'baggage compartment', 'carrier', 'compartment', 'compartment proper', 'discussion']"
Pet Travel Discussion #68,Safe pet travel requires research on airline policies and requirements.,aviation,37,25,2025-02-04 23:21:41.773116,airline pet rules,https://reddit.com/demo_67,demo_user_7,2025-02,Pet Travel Discussion #68 Safe pet travel requires research on airline policies and requirements.,discussion safe requires research policies requirements.,0.4404,0.367,0.633,0.0,positive,"['positive_experience', 'policy_info']","['discussion', 'discussion safe', 'policies', 'policies requirements', 'requirements', 'requires', 'requires research', 'research', 'research policies', 'safe']"
Pet Travel Discussion #69,Airline pet fees are expensive but worth it for pet safety in cargo hold.,AirTravel,50,25,2025-06-13 23:21:41.773116,pet cargo death,https://reddit.com/demo_68,demo_user_8,2025-06,Pet Travel Discussion #69 Airline pet fees are expensive but worth it for pet safety in cargo hold.,discussion fees expensive worth safety hold.,0.5719,0.54,0.46,0.0,positive,['positive_experience'],"['discussion', 'discussion fees', 'expensive', 'expensive worth', 'fees', 'fees expensive', 'hold', 'safety', 'safety hold', 'worth']"
Pet Travel Discussion #70,Professional pet travel service ensures safe cargo transportation.,TravelAdvice,20,7,2025-07-13 23:21:41.773116,pet cargo death,https://reddit.com/demo_69,demo_user_9,2025-07,Pet Travel Discussion #70 Professional pet travel service ensures safe cargo transportation.,discussion professional service ensures safe transportation.,0.4404,0.367,0.633,0.0,positive,['positive_experience'],"['discussion', 'discussion professional', 'ensures', 'ensures safe', 'professional', 'professional service', 'safe', 'safe transportation', 'service', 'service ensures']"
Pet Travel Discussion #71,Pet travel tips: always use IATA approved carrier and check airline pet policy.,aviation,29,3,2025-01-01 23:21:41.773116,pet cargo death,https://reddit.com/demo_70,demo_user_0,2025-01,Pet Travel Discussion #71 Pet travel tips: always use IATA approved carrier and check airline pet policy.,discussion tips always use iata approved carrier check policy.,0.4215,0.259,0.741,0.0,positive,"['policy_info', 'practical_tip']","['approved', 'approved carrier', 'carrier', 'carrier check', 'check', 'check policy', 'discussion', 'discussion tips', 'iata', 'iata approved']"
Pet Travel Discussion #72,Pet carrier size restrictions vary by airline. Check before booking.,flying,8,13,2024-09-09 23:21:41.773116,pet carrier flight,https://reddit.com/demo_71,demo_user_1,2024-09,Pet Travel Discussion #72 Pet carrier size restrictions vary by airline. Check before booking.,discussion carrier size restrictions vary airline. check booking.,0.0,0.0,1.0,0.0,neutral,['general'],"['airline', 'airline check', 'booking', 'carrier', 'carrier size', 'check', 'check booking', 'discussion', 'discussion carrier', 'restrictions']"
Pet Travel Discussion #73,Pet cargo temperature monitoring essential for animal safety.,travel,41,17,2025-01-29 23:21:41.773116,dog died cargo hold,https://reddit.com/demo_72,demo_user_2,2025-01,Pet Travel Discussion #73 Pet cargo temperature monitoring essential for animal safety.,discussion temperature monitoring essential animal safety.,0.4215,0.359,0.641,0.0,positive,['positive_experience'],"['animal', 'animal safety', 'discussion', 'discussion temperature', 'essential', 'essential animal', 'monitoring', 'monitoring essential', 'safety', 'temperature']"
Pet Travel Discussion #74,Dog died in cargo hold during United flight. This is so dangerous for pets.,pets,6,10,2024-12-18 23:21:41.773116,airline pet rules,https://reddit.com/demo_73,demo_user_3,2024-12,Pet Travel Discussion #74 Dog died in cargo hold during United flight. This is so dangerous for pets.,discussion died hold united flight. dangerous pets.,-0.5994,0.207,0.296,0.496,negative,"['safety_concern', 'airline_specific']","['dangerous', 'dangerous pets', 'died', 'died hold', 'discussion', 'discussion died', 'flight', 'flight dangerous', 'hold', 'hold united']"
Pet Travel Discussion #75,My puppy had a terrible experience in cargo hold. Very stressed and scared during the flight.,DogAdvice,24,3,2025-01-29 23:21:41.773116,pet travel flight,https://reddit.com/demo_74,demo_user_4,2025-01,Pet Travel Discussion #75 My puppy had a terrible experience in cargo hold. Very stressed and scared during the flight.,discussion puppy terrible experience hold. stressed scared flight.,-0.8126,0.0,0.373,0.627,negative,"['safety_concern', 'practical_tip']","['discussion', 'discussion puppy', 'experience', 'experience hold', 'flight', 'hold', 'hold stressed', 'puppy', 'puppy terrible', 'scared']"
Pet Travel Discussion #76,Korean Air pet policy allows dogs in baggage compartment with proper carrier.,pets,41,23,2025-01-24 23:21:41.773116,dog anxiety plane,https://reddit.com/demo_75,demo_user_5,2025-01,Pet Travel Discussion #76 Korean Air pet policy allows dogs in baggage compartment with proper carrier.,discussion korean air policy allows dogs baggage compartment proper carrier.,0.0,0.0,1.0,0.0,neutral,"['policy_info', 'airline_specific']","['air', 'air policy', 'allows', 'allows dogs', 'baggage', 'baggage compartment', 'carrier', 'compartment', 'compartment proper', 'discussion']"
Pet Travel Discussion #77,Pet travel documents needed: health certificate and vaccination records.,aviation,1,15,2024-08-19 23:21:41.773116,airline pet policy,https://reddit.com/demo_76,demo_user_6,2024-08,Pet Travel Discussion #77 Pet travel documents needed: health certificate and vaccination records.,discussion documents needed health certificate vaccination records.,0.0,0.0,1.0,0.0,neutral,['policy_info'],"['certificate', 'certificate vaccination', 'discussion', 'discussion documents', 'documents', 'documents needed', 'health', 'health certificate', 'needed', 'needed health']"
Pet Travel Discussion #78,Dog died in cargo hold during United flight. This is so dangerous for pets.,flying,33,15,2025-04-11 23:21:41.773116,dog airplane cargo,https://reddit.com/demo_77,demo_user_7,2025-04,Pet Travel Discussion #78 Dog died in cargo hold during United flight. This is so dangerous for pets.,discussion died hold united flight. dangerous pets.,-0.5994,0.207,0.296,0.496,negative,"['safety_concern', 'airline_specific']","['dangerous', 'dangerous pets', 'died', 'died hold', 'discussion', 'discussion died', 'flight', 'flight dangerous', 'hold', 'hold united']"
Pet Travel Discussion #79,Korean Air pet policy allows puppys in cargo with proper carrier.,TravelAdvice,35,13,2024-12-03 23:21:41.773116,dog died cargo hold,https://reddit.com/demo_78,demo_user_8,2024-12,Pet Travel Discussion #79 Korean Air pet policy allows puppys in cargo with proper carrier.,discussion korean air policy allows puppys proper carrier.,0.0,0.0,1.0,0.0,neutral,"['policy_info', 'airline_specific']","['air', 'air policy', 'allows', 'allows puppys', 'carrier', 'discussion', 'discussion korean', 'korean', 'korean air', 'policy']"
Pet Travel Discussion #80,Korean Air pet policy allows dogs in baggage compartment with proper carrier.,AirTravel,31,7,2024-10-12 23:21:41.773116,dog died cargo hold,https://reddit.com/demo_79,demo_user_9,2024-10,Pet Travel Discussion #80 Korean Air pet policy allows dogs in baggage compartment with proper carrier.,discussion korean air policy allows dogs baggage compartment proper carrier.,0.0,0.0,1.0,0.0,neutral,"['policy_info', 'airline_specific']","['air', 'air policy', 'allows', 'allows dogs', 'baggage', 'baggage compartment', 'carrier', 'compartment', 'compartment proper', 'discussion']"
Pet Travel Discussion #81,Dog carrier must meet airline requirements. Size and ventilation important.,travel,46,9,2024-09-30 23:21:41.773116,airline pet rules,https://reddit.com/demo_80,demo_user_0,2024-09,Pet Travel Discussion #81 Dog carrier must meet airline requirements. Size and ventilation important.,discussion carrier must meet requirements. size ventilation important.,0.2023,0.205,0.795,0.0,positive,['policy_info'],"['carrier', 'carrier meet', 'discussion', 'discussion carrier', 'important', 'meet', 'meet requirements', 'requirements', 'requirements size', 'size']"
Pet Travel Discussion #82,Dog cargo death statistics are concerning. Need better regulations.,aviation,-4,22,2024-09-08 23:21:41.773116,pet travel flight,https://reddit.com/demo_81,demo_user_1,2024-09,Pet Travel Discussion #82 Dog cargo death statistics are concerning. Need better regulations.,discussion death statistics concerning. better regulations.,-0.25,0.269,0.37,0.361,negative,"['safety_concern', 'policy_info']","['better', 'better regulations', 'concerning', 'concerning better', 'death', 'death statistics', 'discussion', 'discussion death', 'regulations', 'statistics']"
Pet Travel Discussion #83,Dog anxiety medication helped during baggage compartment flight experience.,dogs,45,15,2024-10-11 23:21:41.773116,pet cargo death,https://reddit.com/demo_82,demo_user_2,2024-10,Pet Travel Discussion #83 Dog anxiety medication helped during baggage compartment flight experience.,discussion anxiety medication helped baggage compartment experience.,-0.1779,0.0,0.779,0.221,negative,"['safety_concern', 'practical_tip']","['anxiety', 'anxiety medication', 'baggage', 'baggage compartment', 'compartment', 'compartment experience', 'discussion', 'discussion anxiety', 'experience', 'helped']"
Pet Travel Discussion #84,Airline pet carrier requirements are very strict. Make sure to check size limits.,DogAdvice,30,6,2025-07-01 23:21:41.773116,pet travel flight,https://reddit.com/demo_83,demo_user_3,2025-07,Pet Travel Discussion #84 Airline pet carrier requirements are very strict. Make sure to check size limits.,discussion carrier requirements strict. make sure check size limits.,0.3182,0.223,0.777,0.0,positive,['policy_info'],"['carrier', 'carrier requirements', 'check', 'check size', 'discussion', 'discussion carrier', 'limits', 'make', 'make sure', 'requirements']"
Pet Travel Discussion #85,Pet carrier size restrictions vary by airline. Check before booking.,travel,45,1,2024-09-16 23:21:41.773116,pet travel flight,https://reddit.com/demo_84,demo_user_4,2024-09,Pet Travel Discussion #85 Pet carrier size restrictions vary by airline. Check before booking.,discussion carrier size restrictions vary airline. check booking.,0.0,0.0,1.0,0.0,neutral,['general'],"['airline', 'airline check', 'booking', 'carrier', 'carrier size', 'check', 'check booking', 'discussion', 'discussion carrier', 'restrictions']"
Pet Travel Discussion #86,Dog cargo death statistics are concerning. Need better regulations.,AirTravel,11,20,2024-08-14 23:21:41.773116,dog died cargo hold,https://reddit.com/demo_85,demo_user_5,2024-08,Pet Travel Discussion #86 Dog cargo death statistics are concerning. Need better regulations.,discussion death statistics concerning. better regulations.,-0.25,0.269,0.37,0.361,negative,"['safety_concern', 'policy_info']","['better', 'better regulations', 'concerning', 'concerning better', 'death', 'death statistics', 'discussion', 'discussion death', 'regulations', 'statistics']"
Pet Travel Discussion #87,Pet travel tips: always use IATA approved carrier and check airline pet policy.,aviation,29,14,2025-07-01 23:21:41.773116,pet cargo death,https://reddit.com/demo_86,demo_user_6,2025-07,Pet Travel Discussion #87 Pet travel tips: always use IATA approved carrier and check airline pet policy.,discussion tips always use iata approved carrier check policy.,0.4215,0.259,0.741,0.0,positive,"['policy_info', 'practical_tip']","['approved', 'approved carrier', 'carrier', 'carrier check', 'check', 'check policy', 'discussion', 'discussion tips', 'iata', 'iata approved']"
Pet Travel Discussion #88,Dog cargo death statistics are concerning. Need better regulations.,aviation,11,25,2025-06-26 23:21:41.773116,pet cargo death,https://reddit.com/demo_87,demo_user_7,2025-06,Pet Travel Discussion #88 Dog cargo death statistics are concerning. Need better regulations.,discussion death statistics concerning. better regulations.,-0.25,0.269,0.37,0.361,negative,"['safety_concern', 'policy_info']","['better', 'better regulations', 'concerning', 'concerning better', 'death', 'death statistics', 'discussion', 'discussion death', 'regulations', 'statistics']"
Pet Travel Discussion #89,Pet cargo temperature monitoring essential for animal safety.,puppy,44,1,2025-01-15 23:21:41.773116,pet carrier flight,https://reddit.com/demo_88,demo_user_8,2025-01,Pet Travel Discussion #89 Pet cargo temperature monitoring essential for animal safety.,discussion temperature monitoring essential animal safety.,0.4215,0.359,0.641,0.0,positive,['positive_experience'],"['animal', 'animal safety', 'discussion', 'discussion temperature', 'essential', 'essential animal', 'monitoring', 'monitoring essential', 'safety', 'temperature']"
Pet Travel Discussion #90,Professional animal travel service ensures safe cargo transportation.,puppy,23,22,2024-09-29 23:21:41.773116,airline pet policy,https://reddit.com/demo_89,demo_user_9,2024-09,Pet Travel Discussion #90 Professional animal travel service ensures safe cargo transportation.,discussion professional animal service ensures safe transportation.,0.4404,0.326,0.674,0.0,positive,['positive_experience'],"['animal', 'animal service', 'discussion', 'discussion professional', 'ensures', 'ensures safe', 'professional', 'professional animal', 'safe', 'safe transportation']"
Pet Travel Discussion #91,Pet travel tips: always use IATA approved carrier and check airline pet policy.,TravelAdvice,-2,24,2024-08-30 23:21:41.773116,airline pet rules,https://reddit.com/demo_90,demo_user_0,2024-08,Pet Travel Discussion #91 Pet travel tips: always use IATA approved carrier and check airline pet policy.,discussion tips always use iata approved carrier check policy.,0.4215,0.259,0.741,0.0,positive,"['policy_info', 'practical_tip']","['approved', 'approved carrier', 'carrier', 'carrier check', 'check', 'check policy', 'discussion', 'discussion tips', 'iata', 'iata approved']"
Pet Travel Discussion #92,"Pet stress signs after cargo flight: panting, anxiety, confusion.",AirTravel,13,8,2025-01-20 23:21:41.773116,dog died cargo hold,https://reddit.com/demo_91,demo_user_1,2025-01,"Pet Travel Discussion #92 Pet stress signs after cargo flight: panting, anxiety, confusion.",discussion stress signs panting anxiety confusion.,-0.6908,0.0,0.309,0.691,negative,['safety_concern'],"['anxiety', 'anxiety confusion', 'confusion', 'discussion', 'discussion stress', 'panting', 'panting anxiety', 'signs', 'signs panting', 'stress']"
Pet Travel Discussion #93,Dog died in cargo hold during United flight. This is so dangerous for animals.,pets,6,15,2024-12-04 23:21:41.773116,airline pet rules,https://reddit.com/demo_92,demo_user_2,2024-12,Pet Travel Discussion #93 Dog died in cargo hold during United flight. This is so dangerous for animals.,discussion died hold united flight. dangerous animals.,-0.5994,0.207,0.296,0.496,negative,"['safety_concern', 'airline_specific']","['animals', 'dangerous', 'dangerous animals', 'died', 'died hold', 'discussion', 'discussion died', 'flight', 'flight dangerous', 'hold']"
Pet Travel Discussion #94,Pet died in baggage compartment during summer heat. Airlines need better climate control.,dogs,29,3,2025-05-14 23:21:41.773116,pet cargo death,https://reddit.com/demo_93,demo_user_3,2025-05,Pet Travel Discussion #94 Pet died in baggage compartment during summer heat. Airlines need better climate control.,discussion died baggage compartment summer heat. airlines better climate control.,-0.1779,0.2,0.552,0.248,negative,['safety_concern'],"['airlines', 'airlines better', 'baggage', 'baggage compartment', 'better', 'better climate', 'climate', 'climate control', 'compartment', 'compartment summer']"
Pet Travel Discussion #95,Dog died in cargo hold during United flight. This is so dangerous for pets.,AirTravel,34,5,2025-04-16 23:21:41.773116,pet cargo death,https://reddit.com/demo_94,demo_user_4,2025-04,Pet Travel Discussion #95 Dog died in cargo hold during United flight. This is so dangerous for pets.,discussion died hold united flight. dangerous pets.,-0.5994,0.207,0.296,0.496,negative,"['safety_concern', 'airline_specific']","['dangerous', 'dangerous pets', 'died', 'died hold', 'discussion', 'discussion died', 'flight', 'flight dangerous', 'hold', 'hold united']"
Pet Travel Discussion #96,American Airlines pet cargo service was professional. Dog arrived safely.,TravelAdvice,42,7,2025-01-22 23:21:41.773116,pet carrier flight,https://reddit.com/demo_95,demo_user_5,2025-01,Pet Travel Discussion #96 American Airlines pet cargo service was professional. Dog arrived safely.,discussion american airlines service professional. arrived safely.,0.4939,0.348,0.652,0.0,positive,"['positive_experience', 'airline_specific']","['airlines', 'airlines service', 'american', 'american airlines', 'arrived', 'arrived safely', 'discussion', 'discussion american', 'professional', 'professional arrived']"
Pet Travel Discussion #97,"Pet stress signs after cargo flight: panting, anxiety, confusion.",puppy,19,25,2025-05-15 23:21:41.773116,airline pet policy,https://reddit.com/demo_96,demo_user_6,2025-05,"Pet Travel Discussion #97 Pet stress signs after cargo flight: panting, anxiety, confusion.",discussion stress signs panting anxiety confusion.,-0.6908,0.0,0.309,0.691,negative,['safety_concern'],"['anxiety', 'anxiety confusion', 'confusion', 'discussion', 'discussion stress', 'panting', 'panting anxiety', 'signs', 'signs panting', 'stress']"
Pet Travel Discussion #98,Comfortable pet travel possible with right airline and preparation.,aviation,1,1,2025-06-30 23:21:41.773116,dog died cargo hold,https://reddit.com/demo_97,demo_user_7,2025-06,Pet Travel Discussion #98 Comfortable pet travel possible with right airline and preparation.,discussion comfortable possible right preparation.,0.5106,0.452,0.548,0.0,positive,['positive_experience'],"['comfortable', 'comfortable possible', 'discussion', 'discussion comfortable', 'possible', 'possible right', 'preparation', 'right', 'right preparation']"
Pet Travel Discussion #99,Airline pet fees are expensive but worth it for pet safety in cargo hold.,aviation,-5,12,2025-01-04 23:21:41.773116,pet cargo death,https://reddit.com/demo_98,demo_user_8,2025-01,Pet Travel Discussion #99 Airline pet fees are expensive but worth it for pet safety in cargo hold.,discussion fees expensive worth safety hold.,0.5719,0.54,0.46,0.0,positive,['positive_experience'],"['discussion', 'discussion fees', 'expensive', 'expensive worth', 'fees', 'fees expensive', 'hold', 'safety', 'safety hold', 'worth']"
Pet Travel Discussion #100,Professional pet travel service ensures safe cargo transportation.,puppy,30,16,2025-01-15 23:21:41.773116,pet travel flight,https://reddit.com/demo_99,demo_user_9,2025-01,Pet Travel Discussion #100 Professional pet travel service ensures safe cargo transportation.,discussion professional service ensures safe transportation.,0.4404,0.367,0.633,0.0,positive,['positive_experience'],"['discussion', 'discussion professional', 'ensures', 'ensures safe', 'professional', 'professional service', 'safe', 'safe transportation', 'service', 'service ensures']"
Pet Travel Discussion #101,"Pet stress signs after cargo flight: panting, anxiety, confusion.",pets,49,12,2025-07-06 23:21:41.773116,pet travel flight,https://reddit.com/demo_100,demo_user_0,2025-07,"Pet Travel Discussion #101 Pet stress signs after cargo flight: panting, anxiety, confusion.",discussion stress signs panting anxiety confusion.,-0.6908,0.0,0.309,0.691,negative,['safety_concern'],"['anxiety', 'anxiety confusion', 'confusion', 'discussion', 'discussion stress', 'panting', 'panting anxiety', 'signs', 'signs panting', 'stress']"
Pet Travel Discussion #102,Pet travel tips: always use IATA approved carrier and check airline pet policy.,aviation,14,1,2024-12-30 23:21:41.773116,dog died cargo hold,https://reddit.com/demo_101,demo_user_1,2024-12,Pet Travel Discussion #102 Pet travel tips: always use IATA approved carrier and check airline pet policy.,discussion tips always use iata approved carrier check policy.,0.4215,0.259,0.741,0.0,positive,"['policy_info', 'practical_tip']","['approved', 'approved carrier', 'carrier', 'carrier check', 'check', 'check policy', 'discussion', 'discussion tips', 'iata', 'iata approved']"
Pet Travel Discussion #103,Pet cargo temperature monitoring essential for animal safety.,aviation,1,7,2025-01-10 23:21:41.773116,pet cargo death,https://reddit.com/demo_102,demo_user_2,2025-01,Pet Travel Discussion #103 Pet cargo temperature monitoring essential for animal safety.,discussion temperature monitoring essential animal safety.,0.4215,0.359,0.641,0.0,positive,['positive_experience'],"['animal', 'animal safety', 'discussion', 'discussion temperature', 'essential', 'essential animal', 'monitoring', 'monitoring essential', 'safety', 'temperature']"
Pet Travel Discussion #104,Airline pet carrier requirements are very strict. Make sure to check size limits.,puppy,33,19,2024-09-09 23:21:41.773116,dog died cargo hold,https://reddit.com/demo_103,demo_user_3,2024-09,Pet Travel Discussion #104 Airline pet carrier requirements are very strict. Make sure to check size limits.,discussion carrier requirements strict. make sure check size limits.,0.3182,0.223,0.777,0.0,positive,['policy_info'],"['carrier', 'carrier requirements', 'check', 'check size', 'discussion', 'discussion carrier', 'limits', 'make', 'make sure', 'requirements']"
Pet Travel Discussion #105,My dog had a terrible experience in baggage compartment hold. Very stressed and scared during the flight.,TravelAdvice,19,20,2024-09-07 23:21:41.773116,dog airplane cargo,https://reddit.com/demo_104,demo_user_4,2024-09,Pet Travel Discussion #105 My dog had a terrible experience in baggage compartment hold. Very stressed and scared during the flight.,discussion terrible experience baggage compartment hold. stressed scared flight.,-0.8126,0.0,0.417,0.583,negative,"['safety_concern', 'practical_tip']","['baggage', 'baggage compartment', 'compartment', 'compartment hold', 'discussion', 'discussion terrible', 'experience', 'experience baggage', 'flight', 'hold']"
Pet Travel Discussion #106,Dog travel experience was smooth with proper preparation and carrier.,pets,48,19,2025-07-16 23:21:41.773116,dog airplane cargo,https://reddit.com/demo_105,demo_user_5,2025-07,Pet Travel Discussion #106 Dog travel experience was smooth with proper preparation and carrier.,discussion experience smooth proper preparation carrier.,0.0,0.0,1.0,0.0,neutral,"['positive_experience', 'practical_tip']","['carrier', 'discussion', 'discussion experience', 'experience', 'experience smooth', 'preparation', 'preparation carrier', 'proper', 'proper preparation', 'smooth']"
Pet Travel Discussion #107,Pet baggage compartment temperature monitoring essential for animal safety.,dogs,43,17,2024-11-14 23:21:41.773116,dog died cargo hold,https://reddit.com/demo_106,demo_user_6,2024-11,Pet Travel Discussion #107 Pet baggage compartment temperature monitoring essential for animal safety.,discussion baggage compartment temperature monitoring essential animal safety.,0.4215,0.286,0.714,0.0,positive,['positive_experience'],"['animal', 'animal safety', 'baggage', 'baggage compartment', 'compartment', 'compartment temperature', 'discussion', 'discussion baggage', 'essential', 'essential animal']"
Pet Travel Discussion #108,Professional pet travel service ensures safe baggage compartment transportation.,aviation,41,6,2025-05-25 23:21:41.773116,dog died cargo hold,https://reddit.com/demo_107,demo_user_7,2025-05,Pet Travel Discussion #108 Professional pet travel service ensures safe baggage compartment transportation.,discussion professional service ensures safe baggage compartment transportation.,0.4404,0.293,0.707,0.0,positive,['positive_experience'],"['baggage', 'baggage compartment', 'compartment', 'compartment transportation', 'discussion', 'discussion professional', 'ensures', 'ensures safe', 'professional', 'professional service']"
Pet Travel Discussion #109,Delta airlines has excellent pet policy. My dog traveled safely in baggage compartment compartment.,flying,-1,8,2024-08-08 23:21:41.773116,pet cargo death,https://reddit.com/demo_108,demo_user_8,2024-08,Pet Travel Discussion #109 Delta airlines has excellent pet policy. My dog traveled safely in baggage compartment compartment.,discussion delta airlines excellent policy. traveled safely baggage compartment compartment.,0.7845,0.463,0.537,0.0,positive,"['positive_experience', 'policy_info', 'airline_specific']","['compartment', 'airlines', 'airlines excellent', 'baggage', 'baggage compartment', 'compartment compartment', 'delta', 'delta airlines', 'discussion', 'discussion delta']"
Pet Travel Discussion #110,Airline staff were caring and professional with pet cargo handling.,DogAdvice,-4,12,2025-06-23 23:21:41.773116,dog anxiety plane,https://reddit.com/demo_109,demo_user_9,2025-06,Pet Travel Discussion #110 Airline staff were caring and professional with pet cargo handling.,discussion staff caring professional handling.,0.4939,0.444,0.556,0.0,positive,['positive_experience'],"['caring', 'caring professional', 'discussion', 'discussion staff', 'handling', 'professional', 'professional handling', 'staff', 'staff caring']"
Pet Travel Discussion #111,Pet travel tips: always use IATA approved carrier and check airline pet policy.,dogs,-4,15,2025-03-17 23:21:41.773116,pet carrier flight,https://reddit.com/demo_110,demo_user_0,2025-03,Pet Travel Discussion #111 Pet travel tips: always use IATA approved carrier and check airline pet policy.,discussion tips always use iata approved carrier check policy.,0.4215,0.259,0.741,0.0,positive,"['policy_info', 'practical_tip']","['approved', 'approved carrier', 'carrier', 'carrier check', 'check', 'check policy', 'discussion', 'discussion tips', 'iata', 'iata approved']"
Pet Travel Discussion #112,Dog died in cargo hold during United flight. This is so dangerous for animals.,travel,12,5,2024-11-16 23:21:41.773116,airline pet rules,https://reddit.com/demo_111,demo_user_1,2024-11,Pet Travel Discussion #112 Dog died in cargo hold during United flight. This is so dangerous for animals.,discussion died hold united flight. dangerous animals.,-0.5994,0.207,0.296,0.496,negative,"['safety_concern', 'airline_specific']","['animals', 'dangerous', 'dangerous animals', 'died', 'died hold', 'discussion', 'discussion died', 'flight', 'flight dangerous', 'hold']"
Pet Travel Discussion #113,My dog had a terrible experience in cargo hold. Very stressed and scared during the flight.,DogAdvice,49,8,2025-03-07 23:21:41.773116,pet travel flight,https://reddit.com/demo_112,demo_user_2,2025-03,Pet Travel Discussion #113 My dog had a terrible experience in cargo hold. Very stressed and scared during the flight.,discussion terrible experience hold. stressed scared flight.,-0.8126,0.0,0.323,0.677,negative,"['safety_concern', 'practical_tip']","['discussion', 'discussion terrible', 'experience', 'experience hold', 'flight', 'hold', 'hold stressed', 'scared', 'scared flight', 'stressed']"
Pet Travel Discussion #114,Pet died in cargo during summer heat. Airlines need better climate control.,puppy,20,0,2024-11-17 23:21:41.773116,airline pet rules,https://reddit.com/demo_113,demo_user_3,2024-11,Pet Travel Discussion #114 Pet died in cargo during summer heat. Airlines need better climate control.,discussion died summer heat. airlines better climate control.,-0.1779,0.232,0.48,0.288,negative,['safety_concern'],"['airlines', 'airlines better', 'better', 'better climate', 'climate', 'climate control', 'control', 'died', 'died summer', 'discussion']"
Pet Travel Discussion #115,American Airlines pet cargo service was professional. Dog arrived safely.,DogAdvice,10,1,2025-03-12 23:21:41.773116,pet travel flight,https://reddit.com/demo_114,demo_user_4,2025-03,Pet Travel Discussion #115 American Airlines pet cargo service was professional. Dog arrived safely.,discussion american airlines service professional. arrived safely.,0.4939,0.348,0.652,0.0,positive,"['positive_experience', 'airline_specific']","['airlines', 'airlines service', 'american', 'american airlines', 'arrived', 'arrived safely', 'discussion', 'discussion american', 'professional', 'professional arrived']"
Pet Travel Discussion #116,Airline pet carrier requirements are very strict. Make sure to check size limits.,DogAdvice,43,15,2025-04-24 23:21:41.773116,pet carrier flight,https://reddit.com/demo_115,demo_user_5,2025-04,Pet Travel Discussion #116 Airline pet carrier requirements are very strict. Make sure to check size limits.,discussion carrier requirements strict. make sure check size limits.,0.3182,0.223,0.777,0.0,positive,['policy_info'],"['carrier', 'carrier requirements', 'check', 'check size', 'discussion', 'discussion carrier', 'limits', 'make', 'make sure', 'requirements']"
Pet Travel Discussion #117,Comfortable animal travel possible with right airline and preparation.,dogs,10,1,2025-02-14 23:21:41.773116,pet travel flight,https://reddit.com/demo_116,demo_user_6,2025-02,Pet Travel Discussion #117 Comfortable animal travel possible with right airline and preparation.,discussion comfortable animal possible right preparation.,0.5106,0.398,0.602,0.0,positive,['positive_experience'],"['animal', 'animal possible', 'comfortable', 'comfortable animal', 'discussion', 'discussion comfortable', 'possible', 'possible right', 'preparation', 'right']"
Pet Travel Discussion #118,Pet cargo temperature monitoring essential for animal safety.,aviation,20,25,2024-10-25 23:21:41.773116,airline pet policy,https://reddit.com/demo_117,demo_user_7,2024-10,Pet Travel Discussion #118 Pet cargo temperature monitoring essential for animal safety.,discussion temperature monitoring essential animal safety.,0.4215,0.359,0.641,0.0,positive,['positive_experience'],"['animal', 'animal safety', 'discussion', 'discussion temperature', 'essential', 'essential animal', 'monitoring', 'monitoring essential', 'safety', 'temperature']"
Pet Travel Discussion #119,Pet baggage compartment temperature monitoring essential for animal safety.,TravelAdvice,40,0,2025-03-09 23:21:41.773116,airline pet rules,https://reddit.com/demo_118,demo_user_8,2025-03,Pet Travel Discussion #119 Pet baggage compartment temperature monitoring essential for animal safety.,discussion baggage compartment temperature monitoring essential animal safety.,0.4215,0.286,0.714,0.0,positive,['positive_experience'],"['animal', 'animal safety', 'baggage', 'baggage compartment', 'compartment', 'compartment temperature', 'discussion', 'discussion baggage', 'essential', 'essential animal']"
Pet Travel Discussion #120,Airline animal carrier requirements are very strict. Make sure to check size limits.,flying,20,6,2025-05-05 23:21:41.773116,dog died cargo hold,https://reddit.com/demo_119,demo_user_9,2025-05,Pet Travel Discussion #120 Airline animal carrier requirements are very strict. Make sure to check size limits.,discussion animal carrier requirements strict. make sure check size limits.,0.3182,0.204,0.796,0.0,positive,['policy_info'],"['animal', 'animal carrier', 'carrier', 'carrier requirements', 'check', 'check size', 'discussion', 'discussion animal', 'limits', 'make']"
Pet Travel Discussion #121,Airline pet policy comparison shows big differences in care standards.,dogs,19,1,2025-04-01 23:21:41.773116,dog anxiety plane,https://reddit.com/demo_120,demo_user_0,2025-04,Pet Travel Discussion #121 Airline pet policy comparison shows big differences in care standards.,discussion policy comparison shows big differences care standards.,0.4939,0.314,0.686,0.0,positive,['policy_info'],"['big', 'big differences', 'care', 'care standards', 'comparison', 'comparison shows', 'differences', 'differences care', 'discussion', 'discussion policy']"
Pet Travel Discussion #122,Airline pet policy comparison shows big differences in care standards.,flying,-2,7,2024-09-28 23:21:41.773116,pet travel flight,https://reddit.com/demo_121,demo_user_1,2024-09,Pet Travel Discussion #122 Airline pet policy comparison shows big differences in care standards.,discussion policy comparison shows big differences care standards.,0.4939,0.314,0.686,0.0,positive,['policy_info'],"['big', 'big differences', 'care', 'care standards', 'comparison', 'comparison shows', 'differences', 'differences care', 'discussion', 'discussion policy']"
Pet Travel Discussion #123,Delta airlines has excellent pet policy. My dog traveled safely in cargo compartment.,DogAdvice,13,24,2024-11-02 23:21:41.773116,pet cargo death,https://reddit.com/demo_122,demo_user_2,2024-11,Pet Travel Discussion #123 Delta airlines has excellent pet policy. My dog traveled safely in cargo compartment.,discussion delta airlines excellent policy. traveled safely compartment.,0.7845,0.535,0.465,0.0,positive,"['positive_experience', 'policy_info', 'airline_specific']","['airlines', 'airlines excellent', 'compartment', 'delta', 'delta airlines', 'discussion', 'discussion delta', 'excellent', 'excellent policy', 'policy']"
Pet Travel Discussion #124,My dog had a terrible experience in cargo hold. Very stressed and scared during the flight.,pets,26,14,2025-05-30 23:21:41.773116,airline pet policy,https://reddit.com/demo_123,demo_user_3,2025-05,Pet Travel Discussion #124 My dog had a terrible experience in cargo hold. Very stressed and scared during the flight.,discussion terrible experience hold. stressed scared flight.,-0.8126,0.0,0.323,0.677,negative,"['safety_concern', 'practical_tip']","['discussion', 'discussion terrible', 'experience', 'experience hold', 'flight', 'hold', 'hold stressed', 'scared', 'scared flight', 'stressed']"
Pet Travel Discussion #125,Airline pet policy comparison shows big differences in care standards.,puppy,3,3,2024-12-23 23:21:41.773116,dog airplane cargo,https://reddit.com/demo_124,demo_user_4,2024-12,Pet Travel Discussion #125 Airline pet policy comparison shows big differences in care standards.,discussion policy comparison shows big differences care standards.,0.4939,0.314,0.686,0.0,positive,['policy_info'],"['big', 'big differences', 'care', 'care standards', 'comparison', 'comparison shows', 'differences', 'differences care', 'discussion', 'discussion policy']"
Pet Travel Discussion #126,Airline pet policy comparison shows big differences in care standards.,pets,38,15,2025-05-07 23:21:41.773116,pet carrier flight,https://reddit.com/demo_125,demo_user_5,2025-05,Pet Travel Discussion #126 Airline pet policy comparison shows big differences in care standards.,discussion policy comparison shows big differences care standards.,0.4939,0.314,0.686,0.0,positive,['policy_info'],"['big', 'big differences', 'care', 'care standards', 'comparison', 'comparison shows', 'differences', 'differences care', 'discussion', 'discussion policy']"
Pet Travel Discussion #127,American Airlines pet baggage compartment service was professional. Dog arrived safely.,petadvice,35,3,2024-10-20 23:21:41.773116,pet travel flight,https://reddit.com/demo_126,demo_user_6,2024-10,Pet Travel Discussion #127 American Airlines pet baggage compartment service was professional. Dog arrived safely.,discussion american airlines baggage compartment service professional. arrived safely.,0.4939,0.286,0.714,0.0,positive,"['positive_experience', 'airline_specific']","['airlines', 'airlines baggage', 'american', 'american airlines', 'arrived', 'arrived safely', 'baggage', 'baggage compartment', 'compartment', 'compartment service']"
Pet Travel Discussion #128,Professional pet travel service ensures safe cargo transportation.,DogAdvice,48,25,2025-04-09 23:21:41.773116,pet cargo death,https://reddit.com/demo_127,demo_user_7,2025-04,Pet Travel Discussion #128 Professional pet travel service ensures safe cargo transportation.,discussion professional service ensures safe transportation.,0.4404,0.367,0.633,0.0,positive,['positive_experience'],"['discussion', 'discussion professional', 'ensures', 'ensures safe', 'professional', 'professional service', 'safe', 'safe transportation', 'service', 'service ensures']"
Pet Travel Discussion #129,Pet travel tips: always use IATA approved carrier and check airline pet policy.,petadvice,46,2,2024-11-21 23:21:41.773116,dog died cargo hold,https://reddit.com/demo_128,demo_user_8,2024-11,Pet Travel Discussion #129 Pet travel tips: always use IATA approved carrier and check airline pet policy.,discussion tips always use iata approved carrier check policy.,0.4215,0.259,0.741,0.0,positive,"['policy_info', 'practical_tip']","['approved', 'approved carrier', 'carrier', 'carrier check', 'check', 'check policy', 'discussion', 'discussion tips', 'iata', 'iata approved']"
Pet Travel Discussion #130,Pet died in baggage compartment during summer heat. Airlines need better climate control.,puppy,17,16,2024-09-27 23:21:41.773116,dog died cargo hold,https://reddit.com/demo_129,demo_user_9,2024-09,Pet Travel Discussion #130 Pet died in baggage compartment during summer heat. Airlines need better climate control.,discussion died baggage compartment summer heat. airlines better climate control.,-0.1779,0.2,0.552,0.248,negative,['safety_concern'],"['airlines', 'airlines better', 'baggage', 'baggage compartment', 'better', 'better climate', 'climate', 'climate control', 'compartment', 'compartment summer']"
Pet Travel Discussion #131,Airline pet fees are expensive but worth it for pet safety in baggage compartment hold.,dogs,40,16,2025-02-20 23:21:41.773116,pet carrier flight,https://reddit.com/demo_130,demo_user_0,2025-02,Pet Travel Discussion #131 Airline pet fees are expensive but worth it for pet safety in baggage compartment hold.,discussion fees expensive worth safety baggage compartment hold.,0.5719,0.439,0.561,0.0,positive,['positive_experience'],"['baggage', 'baggage compartment', 'compartment', 'compartment hold', 'discussion', 'discussion fees', 'expensive', 'expensive worth', 'fees', 'fees expensive']"
Pet Travel Discussion #132,Pet cargo temperature monitoring essential for animal safety.,travel,17,7,2025-03-29 23:21:41.773116,airline pet policy,https://reddit.com/demo_131,demo_user_1,2025-03,Pet Travel Discussion #132 Pet cargo temperature monitoring essential for animal safety.,discussion temperature monitoring essential animal safety.,0.4215,0.359,0.641,0.0,positive,['positive_experience'],"['animal', 'animal safety', 'discussion', 'discussion temperature', 'essential', 'essential animal', 'monitoring', 'monitoring essential', 'safety', 'temperature']"
Pet Travel Discussion #133,My dog had a terrible experience in cargo hold. Very stressed and scared during the flight.,DogAdvice,47,7,2025-04-17 23:21:41.773116,pet cargo death,https://reddit.com/demo_132,demo_user_2,2025-04,Pet Travel Discussion #133 My dog had a terrible experience in cargo hold. Very stressed and scared during the flight.,discussion terrible experience hold. stressed scared flight.,-0.8126,0.0,0.323,0.677,negative,"['safety_concern', 'practical_tip']","['discussion', 'discussion terrible', 'experience', 'experience hold', 'flight', 'hold', 'hold stressed', 'scared', 'scared flight', 'stressed']"
Pet Travel Discussion #134,Dog carrier must meet airline requirements. Size and ventilation important.,travel,25,13,2025-06-20 23:21:41.773116,pet cargo death,https://reddit.com/demo_133,demo_user_3,2025-06,Pet Travel Discussion #134 Dog carrier must meet airline requirements. Size and ventilation important.,discussion carrier must meet requirements. size ventilation important.,0.2023,0.205,0.795,0.0,positive,['policy_info'],"['carrier', 'carrier meet', 'discussion', 'discussion carrier', 'important', 'meet', 'meet requirements', 'requirements', 'requirements size', 'size']"
Pet Travel Discussion #135,Dog cargo death statistics are concerning. Need better regulations.,travel,26,21,2024-11-08 23:21:41.773116,pet cargo death,https://reddit.com/demo_134,demo_user_4,2024-11,Pet Travel Discussion #135 Dog cargo death statistics are concerning. Need better regulations.,discussion death statistics concerning. better regulations.,-0.25,0.269,0.37,0.361,negative,"['safety_concern', 'policy_info']","['better', 'better regulations', 'concerning', 'concerning better', 'death', 'death statistics', 'discussion', 'discussion death', 'regulations', 'statistics']"
Pet Travel Discussion #136,My puppy had a terrible experience in cargo hold. Very stressed and scared during the flight.,petadvice,14,15,2024-10-17 23:21:41.773116,dog anxiety plane,https://reddit.com/demo_135,demo_user_5,2024-10,Pet Travel Discussion #136 My puppy had a terrible experience in cargo hold. Very stressed and scared during the flight.,discussion puppy terrible experience hold. stressed scared flight.,-0.8126,0.0,0.373,0.627,negative,"['safety_concern', 'practical_tip']","['discussion', 'discussion puppy', 'experience', 'experience hold', 'flight', 'hold', 'hold stressed', 'puppy', 'puppy terrible', 'scared']"
Pet Travel Discussion #137,Airline pet carrier requirements are very strict. Make sure to check size limits.,aviation,10,21,2025-01-12 23:21:41.773116,dog airplane cargo,https://reddit.com/demo_136,demo_user_6,2025-01,Pet Travel Discussion #137 Airline pet carrier requirements are very strict. Make sure to check size limits.,discussion carrier requirements strict. make sure check size limits.,0.3182,0.223,0.777,0.0,positive,['policy_info'],"['carrier', 'carrier requirements', 'check', 'check size', 'discussion', 'discussion carrier', 'limits', 'make', 'make sure', 'requirements']"
Pet Travel Discussion #138,Pet carrier size restrictions vary by airline. Check before booking.,puppy,18,18,2025-06-04 23:21:41.773116,pet travel flight,https://reddit.com/demo_137,demo_user_7,2025-06,Pet Travel Discussion #138 Pet carrier size restrictions vary by airline. Check before booking.,discussion carrier size restrictions vary airline. check booking.,0.0,0.0,1.0,0.0,neutral,['general'],"['airline', 'airline check', 'booking', 'carrier', 'carrier size', 'check', 'check booking', 'discussion', 'discussion carrier', 'restrictions']"
Pet Travel Discussion #139,Pet anxiety during flight is common. Vet recommended calming medication.,travel,19,18,2025-03-18 23:21:41.773116,airline pet rules,https://reddit.com/demo_138,demo_user_8,2025-03,Pet Travel Discussion #139 Pet anxiety during flight is common. Vet recommended calming medication.,discussion anxiety common. vet recommended calming medication.,0.4215,0.441,0.392,0.167,positive,"['safety_concern', 'practical_tip']","['anxiety', 'anxiety common', 'calming', 'calming medication', 'common', 'common vet', 'discussion', 'discussion anxiety', 'medication', 'recommended']"
Pet Travel Discussion #140,Pet travel tips: always use IATA approved carrier and check airline pet policy.,aviation,42,4,2025-04-20 23:21:41.773116,dog died cargo hold,https://reddit.com/demo_139,demo_user_9,2025-04,Pet Travel Discussion #140 Pet travel tips: always use IATA approved carrier and check airline pet policy.,discussion tips always use iata approved carrier check policy.,0.4215,0.259,0.741,0.0,positive,"['policy_info', 'practical_tip']","['approved', 'approved carrier', 'carrier', 'carrier check', 'check', 'check policy', 'discussion', 'discussion tips', 'iata', 'iata approved']"
Pet Travel Discussion #141,Pet anxiety during flight is common. Vet recommended calming medication.,AirTravel,10,0,2024-11-01 23:21:41.773116,pet cargo death,https://reddit.com/demo_140,demo_user_0,2024-11,Pet Travel Discussion #141 Pet anxiety during flight is common. Vet recommended calming medication.,discussion anxiety common. vet recommended calming medication.,0.4215,0.441,0.392,0.167,positive,"['safety_concern', 'practical_tip']","['anxiety', 'anxiety common', 'calming', 'calming medication', 'common', 'common vet', 'discussion', 'discussion anxiety', 'medication', 'recommended']"
Pet Travel Discussion #142,Comfortable pet travel possible with right airline and preparation.,puppy,7,9,2025-06-30 23:21:41.773116,pet travel flight,https://reddit.com/demo_141,demo_user_1,2025-06,Pet Travel Discussion #142 Comfortable pet travel possible with right airline and preparation.,discussion comfortable possible right preparation.,0.5106,0.452,0.548,0.0,positive,['positive_experience'],"['comfortable', 'comfortable possible', 'discussion', 'discussion comfortable', 'possible', 'possible right', 'preparation', 'right', 'right preparation']"
Pet Travel Discussion #143,Korean Air pet policy allows dogs in cargo with proper carrier.,AirTravel,5,13,2024-08-09 23:21:41.773116,dog died cargo hold,https://reddit.com/demo_142,demo_user_2,2024-08,Pet Travel Discussion #143 Korean Air pet policy allows dogs in cargo with proper carrier.,discussion korean air policy allows dogs proper carrier.,0.0,0.0,1.0,0.0,neutral,"['policy_info', 'airline_specific']","['air', 'air policy', 'allows', 'allows dogs', 'carrier', 'discussion', 'discussion korean', 'dogs', 'dogs proper', 'korean']"
Pet Travel Discussion #144,Professional pet travel service ensures safe cargo transportation.,pets,22,25,2025-05-23 23:21:41.773116,pet cargo death,https://reddit.com/demo_143,demo_user_3,2025-05,Pet Travel Discussion #144 Professional pet travel service ensures safe cargo transportation.,discussion professional service ensures safe transportation.,0.4404,0.367,0.633,0.0,positive,['positive_experience'],"['discussion', 'discussion professional', 'ensures', 'ensures safe', 'professional', 'professional service', 'safe', 'safe transportation', 'service', 'service ensures']"
Pet Travel Discussion #145,Dog travel experience was smooth with proper preparation and carrier.,pets,42,7,2025-06-09 23:21:41.773116,dog died cargo hold,https://reddit.com/demo_144,demo_user_4,2025-06,Pet Travel Discussion #145 Dog travel experience was smooth with proper preparation and carrier.,discussion experience smooth proper preparation carrier.,0.0,0.0,1.0,0.0,neutral,"['positive_experience', 'practical_tip']","['carrier', 'discussion', 'discussion experience', 'experience', 'experience smooth', 'preparation', 'preparation carrier', 'proper', 'proper preparation', 'smooth']"
Pet Travel Discussion #146,Airline pet policy comparison shows big differences in care standards.,flying,49,22,2025-03-06 23:21:41.773116,pet cargo death,https://reddit.com/demo_145,demo_user_5,2025-03,Pet Travel Discussion #146 Airline pet policy comparison shows big differences in care standards.,discussion policy comparison shows big differences care standards.,0.4939,0.314,0.686,0.0,positive,['policy_info'],"['big', 'big differences', 'care', 'care standards', 'comparison', 'comparison shows', 'differences', 'differences care', 'discussion', 'discussion policy']"
Pet Travel Discussion #147,Airline staff were caring and professional with animal cargo handling.,flying,38,10,2025-05-06 23:21:41.773116,airline pet rules,https://reddit.com/demo_146,demo_user_6,2025-05,Pet Travel Discussion #147 Airline staff were caring and professional with animal cargo handling.,discussion staff caring professional animal handling.,0.4939,0.39,0.61,0.0,positive,['positive_experience'],"['animal', 'animal handling', 'caring', 'caring professional', 'discussion', 'discussion staff', 'handling', 'professional', 'professional animal', 'staff']"
Pet Travel Discussion #148,Dog cargo death statistics are concerning. Need better regulations.,flying,18,21,2025-03-30 23:21:41.773116,pet carrier flight,https://reddit.com/demo_147,demo_user_7,2025-03,Pet Travel Discussion #148 Dog cargo death statistics are concerning. Need better regulations.,discussion death statistics concerning. better regulations.,-0.25,0.269,0.37,0.361,negative,"['safety_concern', 'policy_info']","['better', 'better regulations', 'concerning', 'concerning better', 'death', 'death statistics', 'discussion', 'discussion death', 'regulations', 'statistics']"
Pet Travel Discussion #149,Pet travel tips: always use IATA approved carrier and check airline pet policy.,TravelAdvice,42,0,2024-11-30 23:21:41.773116,airline pet rules,https://reddit.com/demo_148,demo_user_8,2024-11,Pet Travel Discussion #149 Pet travel tips: always use IATA approved carrier and check airline pet policy.,discussion tips always use iata approved carrier check policy.,0.4215,0.259,0.741,0.0,positive,"['policy_info', 'practical_tip']","['approved', 'approved carrier', 'carrier', 'carrier check', 'check', 'check policy', 'discussion', 'discussion tips', 'iata', 'iata approved']"
Pet Travel Discussion #150,Pet anxiety during flight is common. Vet recommended calming medication.,aviation,2,11,2024-10-13 23:21:41.773116,pet cargo death,https://reddit.com/demo_149,demo_user_9,2024-10,Pet Travel Discussion #150 Pet anxiety during flight is common. Vet recommended calming medication.,discussion anxiety common. vet recommended calming medication.,0.4215,0.441,0.392,0.167,positive,"['safety_concern', 'practical_tip']","['anxiety', 'anxiety common', 'calming', 'calming medication', 'common', 'common vet', 'discussion', 'discussion anxiety', 'medication', 'recommended']"
