gallery_id,post_num,title,content,writer,date,view_count,recommend,comments,comment_count,search_keyword,url,full_text,comments_text,all_text,cleaned_text,sentiment_compound,sentiment_category,view_count_num,recommend_num,month
dog,10000,화물칸 온도 조절 어떻게 되는지 궁금,해외 이주 예정인데 강아지를 어떻게 데려갈지 고민이에요. 화물칸이 안전한지 정말 걱정됩니다.,user000,2024.03.13,1076,6,"['스트레스 완화용 페로몬 스프레이 추천', '화물칸 온도는 일정하게 유지됩니다', '경험상 대형 항공사가 더 안전해요']",3,펫캐리어,https://gall.dcinside.com/board/view/?id=dog&no=10000,화물칸 온도 조절 어떻게 되는지 궁금 해외 이주 예정인데 강아지를 어떻게 데려갈지 고민이에요. 화물칸이 안전한지 정말 걱정됩니다.,스트레스 완화용 페로몬 스프레이 추천 화물칸 온도는 일정하게 유지됩니다 경험상 대형 항공사가 더 안전해요,화물칸 온도 조절 어떻게 되는지 궁금 해외 이주 예정인데 강아지를 어떻게 데려갈지 고민이에요. 화물칸이 안전한지 정말 걱정됩니다. 스트레스 완화용 페로몬 스프레이 추천 화물칸 온도는 일정하게 유지됩니다 경험상 대형 항공사가 더 안전해요,화물칸 온도 조절 어떻게 되는지 궁금 해외 이주 예정인데 강아지를 어떻게 데려갈지 고민이에요 화물칸이 안전한지 정말 걱정됩니다 스트레스 완화용 페로몬 스프레이 추천 화물칸 온도는 일정하게 유지됩니다 경험상 대형 항공사가 더 안전해요,0.8,positive,1076,6,03
cat,10001,반려동물 항공 운송 관련 보험 있나요?,진정제를 먹여야 하는지 수의사와 상담했는데 의견이 분분하더라고요. 경험 있으신 분 조언 부탁드려요.,user001,2024.05.09,733,39,"['스트레스 완화용 페로몬 스프레이 추천', '성공 경험담 공유해드릴게요', '화물칸 온도는 일정하게 유지됩니다', '진정제는 오히려 위험할 수 있어요', '저도 같은 고민이에요']",5,강아지 비행기,https://gall.dcinside.com/board/view/?id=dog&no=10001,반려동물 항공 운송 관련 보험 있나요? 진정제를 먹여야 하는지 수의사와 상담했는데 의견이 분분하더라고요. 경험 있으신 분 조언 부탁드려요.,스트레스 완화용 페로몬 스프레이 추천 성공 경험담 공유해드릴게요 화물칸 온도는 일정하게 유지됩니다 진정제는 오히려 위험할 수 있어요 저도 같은 고민이에요,반려동물 항공 운송 관련 보험 있나요? 진정제를 먹여야 하는지 수의사와 상담했는데 의견이 분분하더라고요. 경험 있으신 분 조언 부탁드려요. 스트레스 완화용 페로몬 스프레이 추천 성공 경험담 공유해드릴게요 화물칸 온도는 일정하게 유지됩니다 진정제는 오히려 위험할 수 있어요 저도 같은 고민이에요,반려동물 항공 운송 관련 보험 있나요 진정제를 먹여야 하는지 수의사와 상담했는데 의견이 분분하더라고요 경험 있으신 분 조언 부탁드려요 스트레스 완화용 페로몬 스프레이 추천 성공 경험담 공유해드릴게요 화물칸 온도는 일정하게 유지됩니다 진정제는 오히려 위험할 수 있어요 저도 같은 고민이에요,0.0,neutral,733,39,05
travel,10002,반려견 화물칸 운송 후기 - 스트레스 많이 받네요,반려동물이 캐리어 안에서 계속 울면 다른 승객들에게 피해가 될까봐 걱정이에요.,user002,2024.08.16,633,8,"['여행 전 건강검진 필수입니다', '경험상 대형 항공사가 더 안전해요', '저도 같은 고민이에요']",3,펫 화물칸,https://gall.dcinside.com/board/view/?id=dog&no=10002,반려견 화물칸 운송 후기 - 스트레스 많이 받네요 반려동물이 캐리어 안에서 계속 울면 다른 승객들에게 피해가 될까봐 걱정이에요.,여행 전 건강검진 필수입니다 경험상 대형 항공사가 더 안전해요 저도 같은 고민이에요,반려견 화물칸 운송 후기 - 스트레스 많이 받네요 반려동물이 캐리어 안에서 계속 울면 다른 승객들에게 피해가 될까봐 걱정이에요. 여행 전 건강검진 필수입니다 경험상 대형 항공사가 더 안전해요 저도 같은 고민이에요,반려견 화물칸 운송 후기 스트레스 많이 받네요 반려동물이 캐리어 안에서 계속 울면 다른 승객들에게 피해가 될까봐 걱정이에요 여행 전 건강검진 필수입니다 경험상 대형 항공사가 더 안전해요 저도 같은 고민이에요,-0.8,negative,633,8,08
cat,10003,펫캐리어 안에서 강아지가 울면 어떡하죠?,해외 이주 예정인데 강아지를 어떻게 데려갈지 고민이에요. 화물칸이 안전한지 정말 걱정됩니다.,user003,2024.08.01,894,31,['보험 가입하시는 게 좋아요'],1,비행기 여행,https://gall.dcinside.com/board/view/?id=dog&no=10003,펫캐리어 안에서 강아지가 울면 어떡하죠? 해외 이주 예정인데 강아지를 어떻게 데려갈지 고민이에요. 화물칸이 안전한지 정말 걱정됩니다.,보험 가입하시는 게 좋아요,펫캐리어 안에서 강아지가 울면 어떡하죠? 해외 이주 예정인데 강아지를 어떻게 데려갈지 고민이에요. 화물칸이 안전한지 정말 걱정됩니다. 보험 가입하시는 게 좋아요,펫캐리어 안에서 강아지가 울면 어떡하죠 해외 이주 예정인데 강아지를 어떻게 데려갈지 고민이에요 화물칸이 안전한지 정말 걱정됩니다 보험 가입하시는 게 좋아요,0.6,positive,894,31,08
dog,10004,화물칸 환경이 걱정되는데 괜찮을까요?,진정제를 먹여야 하는지 수의사와 상담했는데 의견이 분분하더라고요. 경험 있으신 분 조언 부탁드려요.,user004,2024.09.15,1858,9,['보험 가입하시는 게 좋아요'],1,반려견 여행,https://gall.dcinside.com/board/view/?id=dog&no=10004,화물칸 환경이 걱정되는데 괜찮을까요? 진정제를 먹여야 하는지 수의사와 상담했는데 의견이 분분하더라고요. 경험 있으신 분 조언 부탁드려요.,보험 가입하시는 게 좋아요,화물칸 환경이 걱정되는데 괜찮을까요? 진정제를 먹여야 하는지 수의사와 상담했는데 의견이 분분하더라고요. 경험 있으신 분 조언 부탁드려요. 보험 가입하시는 게 좋아요,화물칸 환경이 걱정되는데 괜찮을까요 진정제를 먹여야 하는지 수의사와 상담했는데 의견이 분분하더라고요 경험 있으신 분 조언 부탁드려요 보험 가입하시는 게 좋아요,0.0,neutral,1858,9,09
dog,10005,반려견 화물칸 운송 후기 - 스트레스 많이 받네요,펫캐리어 사이즈 맞춰서 준비했는데 막상 공항에서 규정에 안 맞는다고 하더군요. 미리 확인 필수입니다.,user005,2024.03.19,1660,23,"['미리 예약하면 할인 받을 수 있어요', '진정제는 오히려 위험할 수 있어요', '스트레스 완화용 페로몬 스프레이 추천', '화물칸 온도는 일정하게 유지됩니다', '성공 경험담 공유해드릴게요']",5,강아지 비행기,https://gall.dcinside.com/board/view/?id=dog&no=10005,반려견 화물칸 운송 후기 - 스트레스 많이 받네요 펫캐리어 사이즈 맞춰서 준비했는데 막상 공항에서 규정에 안 맞는다고 하더군요. 미리 확인 필수입니다.,미리 예약하면 할인 받을 수 있어요 진정제는 오히려 위험할 수 있어요 스트레스 완화용 페로몬 스프레이 추천 화물칸 온도는 일정하게 유지됩니다 성공 경험담 공유해드릴게요,반려견 화물칸 운송 후기 - 스트레스 많이 받네요 펫캐리어 사이즈 맞춰서 준비했는데 막상 공항에서 규정에 안 맞는다고 하더군요. 미리 확인 필수입니다. 미리 예약하면 할인 받을 수 있어요 진정제는 오히려 위험할 수 있어요 스트레스 완화용 페로몬 스프레이 추천 화물칸 온도는 일정하게 유지됩니다 성공 경험담 공유해드릴게요,반려견 화물칸 운송 후기 스트레스 많이 받네요 펫캐리어 사이즈 맞춰서 준비했는데 막상 공항에서 규정에 안 맞는다고 하더군요 미리 확인 필수입니다 미리 예약하면 할인 받을 수 있어요 진정제는 오히려 위험할 수 있어요 스트레스 완화용 페로몬 스프레이 추천 화물칸 온도는 일정하게 유지됩니다 성공 경험담 공유해드릴게요,-0.8,negative,1660,23,03
dog,10006,화물칸 환경이 걱정되는데 괜찮을까요?,반려동물이 캐리어 안에서 계속 울면 다른 승객들에게 피해가 될까봐 걱정이에요.,user006,2024.04.25,745,44,"['성공 경험담 공유해드릴게요', '화물칸 온도는 일정하게 유지됩니다', '미리 예약하면 할인 받을 수 있어요']",3,비행기 여행,https://gall.dcinside.com/board/view/?id=dog&no=10006,화물칸 환경이 걱정되는데 괜찮을까요? 반려동물이 캐리어 안에서 계속 울면 다른 승객들에게 피해가 될까봐 걱정이에요.,성공 경험담 공유해드릴게요 화물칸 온도는 일정하게 유지됩니다 미리 예약하면 할인 받을 수 있어요,화물칸 환경이 걱정되는데 괜찮을까요? 반려동물이 캐리어 안에서 계속 울면 다른 승객들에게 피해가 될까봐 걱정이에요. 성공 경험담 공유해드릴게요 화물칸 온도는 일정하게 유지됩니다 미리 예약하면 할인 받을 수 있어요,화물칸 환경이 걱정되는데 괜찮을까요 반려동물이 캐리어 안에서 계속 울면 다른 승객들에게 피해가 될까봐 걱정이에요 성공 경험담 공유해드릴게요 화물칸 온도는 일정하게 유지됩니다 미리 예약하면 할인 받을 수 있어요,-0.8,negative,745,44,04
cat,10007,펫캐리어 안에서 강아지가 울면 어떡하죠?,지난달에 고양이랑 비행기 타고 왔는데 생각보다 스트레스를 많이 받더라고요. 미리 준비를 더 했어야 했나 싶어요.,user007,2024.10.06,1597,35,"['저도 같은 고민이에요', '여행 전 건강검진 필수입니다', '스트레스 완화용 페로몬 스프레이 추천', '진정제는 오히려 위험할 수 있어요', '경험상 대형 항공사가 더 안전해요']",5,고양이 항공기,https://gall.dcinside.com/board/view/?id=dog&no=10007,펫캐리어 안에서 강아지가 울면 어떡하죠? 지난달에 고양이랑 비행기 타고 왔는데 생각보다 스트레스를 많이 받더라고요. 미리 준비를 더 했어야 했나 싶어요.,저도 같은 고민이에요 여행 전 건강검진 필수입니다 스트레스 완화용 페로몬 스프레이 추천 진정제는 오히려 위험할 수 있어요 경험상 대형 항공사가 더 안전해요,펫캐리어 안에서 강아지가 울면 어떡하죠? 지난달에 고양이랑 비행기 타고 왔는데 생각보다 스트레스를 많이 받더라고요. 미리 준비를 더 했어야 했나 싶어요. 저도 같은 고민이에요 여행 전 건강검진 필수입니다 스트레스 완화용 페로몬 스프레이 추천 진정제는 오히려 위험할 수 있어요 경험상 대형 항공사가 더 안전해요,펫캐리어 안에서 강아지가 울면 어떡하죠 지난달에 고양이랑 비행기 타고 왔는데 생각보다 스트레스를 많이 받더라고요 미리 준비를 더 했어야 했나 싶어요 저도 같은 고민이에요 여행 전 건강검진 필수입니다 스트레스 완화용 페로몬 스프레이 추천 진정제는 오히려 위험할 수 있어요 경험상 대형 항공사가 더 안전해요,-0.8,negative,1597,35,10
cat,10008,반려견 진정제 먹이고 비행기 태워도 되나요?,지난달에 고양이랑 비행기 타고 왔는데 생각보다 스트레스를 많이 받더라고요. 미리 준비를 더 했어야 했나 싶어요.,user008,2024.04.11,565,33,"['저도 같은 고민이에요', '스트레스 완화용 페로몬 스프레이 추천']",2,펫캐리어,https://gall.dcinside.com/board/view/?id=dog&no=10008,반려견 진정제 먹이고 비행기 태워도 되나요? 지난달에 고양이랑 비행기 타고 왔는데 생각보다 스트레스를 많이 받더라고요. 미리 준비를 더 했어야 했나 싶어요.,저도 같은 고민이에요 스트레스 완화용 페로몬 스프레이 추천,반려견 진정제 먹이고 비행기 태워도 되나요? 지난달에 고양이랑 비행기 타고 왔는데 생각보다 스트레스를 많이 받더라고요. 미리 준비를 더 했어야 했나 싶어요. 저도 같은 고민이에요 스트레스 완화용 페로몬 스프레이 추천,반려견 진정제 먹이고 비행기 태워도 되나요 지난달에 고양이랑 비행기 타고 왔는데 생각보다 스트레스를 많이 받더라고요 미리 준비를 더 했어야 했나 싶어요 저도 같은 고민이에요 스트레스 완화용 페로몬 스프레이 추천,-0.6,negative,565,33,04
cat,10009,펫캐리어 안에서 강아지가 울면 어떡하죠?,펫캐리어 사이즈 맞춰서 준비했는데 막상 공항에서 규정에 안 맞는다고 하더군요. 미리 확인 필수입니다.,user009,2024.04.04,770,38,"['화물칸 온도는 일정하게 유지됩니다', '미리 예약하면 할인 받을 수 있어요', '저도 같은 고민이에요', '스트레스 완화용 페로몬 스프레이 추천', '성공 경험담 공유해드릴게요']",5,비행기 여행,https://gall.dcinside.com/board/view/?id=dog&no=10009,펫캐리어 안에서 강아지가 울면 어떡하죠? 펫캐리어 사이즈 맞춰서 준비했는데 막상 공항에서 규정에 안 맞는다고 하더군요. 미리 확인 필수입니다.,화물칸 온도는 일정하게 유지됩니다 미리 예약하면 할인 받을 수 있어요 저도 같은 고민이에요 스트레스 완화용 페로몬 스프레이 추천 성공 경험담 공유해드릴게요,펫캐리어 안에서 강아지가 울면 어떡하죠? 펫캐리어 사이즈 맞춰서 준비했는데 막상 공항에서 규정에 안 맞는다고 하더군요. 미리 확인 필수입니다. 화물칸 온도는 일정하게 유지됩니다 미리 예약하면 할인 받을 수 있어요 저도 같은 고민이에요 스트레스 완화용 페로몬 스프레이 추천 성공 경험담 공유해드릴게요,펫캐리어 안에서 강아지가 울면 어떡하죠 펫캐리어 사이즈 맞춰서 준비했는데 막상 공항에서 규정에 안 맞는다고 하더군요 미리 확인 필수입니다 화물칸 온도는 일정하게 유지됩니다 미리 예약하면 할인 받을 수 있어요 저도 같은 고민이에요 스트레스 완화용 페로몬 스프레이 추천 성공 경험담 공유해드릴게요,0.6,positive,770,38,04
cat,10010,반려동물 항공 운송 관련 보험 있나요?,펫 프렌들리한 항공사를 찾고 있는데 추천해주실 수 있나요? 서비스가 좋은 곳으로요.,user010,2024.05.19,275,12,"['스트레스 완화용 페로몬 스프레이 추천', '미리 예약하면 할인 받을 수 있어요', '보험 가입하시는 게 좋아요', '화물칸 온도는 일정하게 유지됩니다']",4,비행기 여행,https://gall.dcinside.com/board/view/?id=dog&no=10010,반려동물 항공 운송 관련 보험 있나요? 펫 프렌들리한 항공사를 찾고 있는데 추천해주실 수 있나요? 서비스가 좋은 곳으로요.,스트레스 완화용 페로몬 스프레이 추천 미리 예약하면 할인 받을 수 있어요 보험 가입하시는 게 좋아요 화물칸 온도는 일정하게 유지됩니다,반려동물 항공 운송 관련 보험 있나요? 펫 프렌들리한 항공사를 찾고 있는데 추천해주실 수 있나요? 서비스가 좋은 곳으로요. 스트레스 완화용 페로몬 스프레이 추천 미리 예약하면 할인 받을 수 있어요 보험 가입하시는 게 좋아요 화물칸 온도는 일정하게 유지됩니다,반려동물 항공 운송 관련 보험 있나요 펫 프렌들리한 항공사를 찾고 있는데 추천해주실 수 있나요 서비스가 좋은 곳으로요 스트레스 완화용 페로몬 스프레이 추천 미리 예약하면 할인 받을 수 있어요 보험 가입하시는 게 좋아요 화물칸 온도는 일정하게 유지됩니다,0.8,positive,275,12,05
travel,10011,고양이 장거리 비행 후 컨디션 회복기,장거리 비행 후에 반려동물 컨디션이 어떻게 되는지 궁금합니다. 회복 기간이 얼마나 걸리나요?,user011,2024.08.17,885,12,['보험 가입하시는 게 좋아요'],1,반려동물 항공,https://gall.dcinside.com/board/view/?id=dog&no=10011,고양이 장거리 비행 후 컨디션 회복기 장거리 비행 후에 반려동물 컨디션이 어떻게 되는지 궁금합니다. 회복 기간이 얼마나 걸리나요?,보험 가입하시는 게 좋아요,고양이 장거리 비행 후 컨디션 회복기 장거리 비행 후에 반려동물 컨디션이 어떻게 되는지 궁금합니다. 회복 기간이 얼마나 걸리나요? 보험 가입하시는 게 좋아요,고양이 장거리 비행 후 컨디션 회복기 장거리 비행 후에 반려동물 컨디션이 어떻게 되는지 궁금합니다 회복 기간이 얼마나 걸리나요 보험 가입하시는 게 좋아요,0.3,positive,885,12,08
cat,10012,펫캐리어 사이즈 규정 항공사별 정리,반려동물이 캐리어 안에서 계속 울면 다른 승객들에게 피해가 될까봐 걱정이에요.,user012,2024.07.05,1879,34,"['저도 같은 고민이에요', '수의사 상담 받아보세요', '경험상 대형 항공사가 더 안전해요']",3,펫캐리어,https://gall.dcinside.com/board/view/?id=dog&no=10012,펫캐리어 사이즈 규정 항공사별 정리 반려동물이 캐리어 안에서 계속 울면 다른 승객들에게 피해가 될까봐 걱정이에요.,저도 같은 고민이에요 수의사 상담 받아보세요 경험상 대형 항공사가 더 안전해요,펫캐리어 사이즈 규정 항공사별 정리 반려동물이 캐리어 안에서 계속 울면 다른 승객들에게 피해가 될까봐 걱정이에요. 저도 같은 고민이에요 수의사 상담 받아보세요 경험상 대형 항공사가 더 안전해요,펫캐리어 사이즈 규정 항공사별 정리 반려동물이 캐리어 안에서 계속 울면 다른 승객들에게 피해가 될까봐 걱정이에요 저도 같은 고민이에요 수의사 상담 받아보세요 경험상 대형 항공사가 더 안전해요,-0.6,negative,1879,34,07
dog,10013,펫 친화적인 항공사 추천 부탁드려요,지난달에 고양이랑 비행기 타고 왔는데 생각보다 스트레스를 많이 받더라고요. 미리 준비를 더 했어야 했나 싶어요.,user013,2024.09.25,1450,38,"['여행 전 건강검진 필수입니다', '수의사 상담 받아보세요', '성공 경험담 공유해드릴게요', '화물칸 온도는 일정하게 유지됩니다', '저도 같은 고민이에요']",5,펫캐리어,https://gall.dcinside.com/board/view/?id=dog&no=10013,펫 친화적인 항공사 추천 부탁드려요 지난달에 고양이랑 비행기 타고 왔는데 생각보다 스트레스를 많이 받더라고요. 미리 준비를 더 했어야 했나 싶어요.,여행 전 건강검진 필수입니다 수의사 상담 받아보세요 성공 경험담 공유해드릴게요 화물칸 온도는 일정하게 유지됩니다 저도 같은 고민이에요,펫 친화적인 항공사 추천 부탁드려요 지난달에 고양이랑 비행기 타고 왔는데 생각보다 스트레스를 많이 받더라고요. 미리 준비를 더 했어야 했나 싶어요. 여행 전 건강검진 필수입니다 수의사 상담 받아보세요 성공 경험담 공유해드릴게요 화물칸 온도는 일정하게 유지됩니다 저도 같은 고민이에요,펫 친화적인 항공사 추천 부탁드려요 지난달에 고양이랑 비행기 타고 왔는데 생각보다 스트레스를 많이 받더라고요 미리 준비를 더 했어야 했나 싶어요 여행 전 건강검진 필수입니다 수의사 상담 받아보세요 성공 경험담 공유해드릴게요 화물칸 온도는 일정하게 유지됩니다 저도 같은 고민이에요,0.6,positive,1450,38,09
dog,10014,고양이 장거리 비행 후 컨디션 회복기,펫캐리어 사이즈 맞춰서 준비했는데 막상 공항에서 규정에 안 맞는다고 하더군요. 미리 확인 필수입니다.,user014,2024.07.28,498,16,"['스트레스 완화용 페로몬 스프레이 추천', '성공 경험담 공유해드릴게요', '경험상 대형 항공사가 더 안전해요']",3,비행기 여행,https://gall.dcinside.com/board/view/?id=dog&no=10014,고양이 장거리 비행 후 컨디션 회복기 펫캐리어 사이즈 맞춰서 준비했는데 막상 공항에서 규정에 안 맞는다고 하더군요. 미리 확인 필수입니다.,스트레스 완화용 페로몬 스프레이 추천 성공 경험담 공유해드릴게요 경험상 대형 항공사가 더 안전해요,고양이 장거리 비행 후 컨디션 회복기 펫캐리어 사이즈 맞춰서 준비했는데 막상 공항에서 규정에 안 맞는다고 하더군요. 미리 확인 필수입니다. 스트레스 완화용 페로몬 스프레이 추천 성공 경험담 공유해드릴게요 경험상 대형 항공사가 더 안전해요,고양이 장거리 비행 후 컨디션 회복기 펫캐리어 사이즈 맞춰서 준비했는데 막상 공항에서 규정에 안 맞는다고 하더군요 미리 확인 필수입니다 스트레스 완화용 페로몬 스프레이 추천 성공 경험담 공유해드릴게요 경험상 대형 항공사가 더 안전해요,0.8,positive,498,16,07
travel,10015,반려동물 항공 운송 관련 보험 있나요?,항공 운송비가 생각보다 비싸서 놀랐어요. 다른 방법은 없을까요?,user015,2024.04.25,1558,43,['미리 예약하면 할인 받을 수 있어요'],1,반려견 여행,https://gall.dcinside.com/board/view/?id=dog&no=10015,반려동물 항공 운송 관련 보험 있나요? 항공 운송비가 생각보다 비싸서 놀랐어요. 다른 방법은 없을까요?,미리 예약하면 할인 받을 수 있어요,반려동물 항공 운송 관련 보험 있나요? 항공 운송비가 생각보다 비싸서 놀랐어요. 다른 방법은 없을까요? 미리 예약하면 할인 받을 수 있어요,반려동물 항공 운송 관련 보험 있나요 항공 운송비가 생각보다 비싸서 놀랐어요 다른 방법은 없을까요 미리 예약하면 할인 받을 수 있어요,-0.3,negative,1558,43,04
travel,10016,화물칸 온도 조절 어떻게 되는지 궁금,펫 프렌들리한 항공사를 찾고 있는데 추천해주실 수 있나요? 서비스가 좋은 곳으로요.,user016,2024.04.23,345,42,"['성공 경험담 공유해드릴게요', '수의사 상담 받아보세요', '진정제는 오히려 위험할 수 있어요', '화물칸 온도는 일정하게 유지됩니다']",4,펫 화물칸,https://gall.dcinside.com/board/view/?id=dog&no=10016,화물칸 온도 조절 어떻게 되는지 궁금 펫 프렌들리한 항공사를 찾고 있는데 추천해주실 수 있나요? 서비스가 좋은 곳으로요.,성공 경험담 공유해드릴게요 수의사 상담 받아보세요 진정제는 오히려 위험할 수 있어요 화물칸 온도는 일정하게 유지됩니다,화물칸 온도 조절 어떻게 되는지 궁금 펫 프렌들리한 항공사를 찾고 있는데 추천해주실 수 있나요? 서비스가 좋은 곳으로요. 성공 경험담 공유해드릴게요 수의사 상담 받아보세요 진정제는 오히려 위험할 수 있어요 화물칸 온도는 일정하게 유지됩니다,화물칸 온도 조절 어떻게 되는지 궁금 펫 프렌들리한 항공사를 찾고 있는데 추천해주실 수 있나요 서비스가 좋은 곳으로요 성공 경험담 공유해드릴게요 수의사 상담 받아보세요 진정제는 오히려 위험할 수 있어요 화물칸 온도는 일정하게 유지됩니다,0.6,positive,345,42,04
dog,10017,강아지 해외여행 비행기 태우는 방법 문의,해외 이주 예정인데 강아지를 어떻게 데려갈지 고민이에요. 화물칸이 안전한지 정말 걱정됩니다.,user017,2024.11.16,552,48,"['여행 전 건강검진 필수입니다', '성공 경험담 공유해드릴게요', '보험 가입하시는 게 좋아요', '경험상 대형 항공사가 더 안전해요']",4,펫캐리어,https://gall.dcinside.com/board/view/?id=dog&no=10017,강아지 해외여행 비행기 태우는 방법 문의 해외 이주 예정인데 강아지를 어떻게 데려갈지 고민이에요. 화물칸이 안전한지 정말 걱정됩니다.,여행 전 건강검진 필수입니다 성공 경험담 공유해드릴게요 보험 가입하시는 게 좋아요 경험상 대형 항공사가 더 안전해요,강아지 해외여행 비행기 태우는 방법 문의 해외 이주 예정인데 강아지를 어떻게 데려갈지 고민이에요. 화물칸이 안전한지 정말 걱정됩니다. 여행 전 건강검진 필수입니다 성공 경험담 공유해드릴게요 보험 가입하시는 게 좋아요 경험상 대형 항공사가 더 안전해요,강아지 해외여행 비행기 태우는 방법 문의 해외 이주 예정인데 강아지를 어떻게 데려갈지 고민이에요 화물칸이 안전한지 정말 걱정됩니다 여행 전 건강검진 필수입니다 성공 경험담 공유해드릴게요 보험 가입하시는 게 좋아요 경험상 대형 항공사가 더 안전해요,0.8,positive,552,48,11
dog,10018,펫캐리어 사이즈 규정 항공사별 정리,화물칸 온도가 일정하게 유지되는지 궁금해요. 여름철에는 너무 더울까봐 걱정이에요.,user018,2024.08.14,1569,23,"['수의사 상담 받아보세요', '성공 경험담 공유해드릴게요']",2,펫 화물칸,https://gall.dcinside.com/board/view/?id=dog&no=10018,펫캐리어 사이즈 규정 항공사별 정리 화물칸 온도가 일정하게 유지되는지 궁금해요. 여름철에는 너무 더울까봐 걱정이에요.,수의사 상담 받아보세요 성공 경험담 공유해드릴게요,펫캐리어 사이즈 규정 항공사별 정리 화물칸 온도가 일정하게 유지되는지 궁금해요. 여름철에는 너무 더울까봐 걱정이에요. 수의사 상담 받아보세요 성공 경험담 공유해드릴게요,펫캐리어 사이즈 규정 항공사별 정리 화물칸 온도가 일정하게 유지되는지 궁금해요 여름철에는 너무 더울까봐 걱정이에요 수의사 상담 받아보세요 성공 경험담 공유해드릴게요,0.0,neutral,1569,23,08
dog,10019,반려동물 운송 중 사고 뉴스 보고 불안해요,항공 운송비가 생각보다 비싸서 놀랐어요. 다른 방법은 없을까요?,user019,2024.04.04,1500,37,"['진정제는 오히려 위험할 수 있어요', '경험상 대형 항공사가 더 안전해요', '화물칸 온도는 일정하게 유지됩니다']",3,펫 화물칸,https://gall.dcinside.com/board/view/?id=dog&no=10019,반려동물 운송 중 사고 뉴스 보고 불안해요 항공 운송비가 생각보다 비싸서 놀랐어요. 다른 방법은 없을까요?,진정제는 오히려 위험할 수 있어요 경험상 대형 항공사가 더 안전해요 화물칸 온도는 일정하게 유지됩니다,반려동물 운송 중 사고 뉴스 보고 불안해요 항공 운송비가 생각보다 비싸서 놀랐어요. 다른 방법은 없을까요? 진정제는 오히려 위험할 수 있어요 경험상 대형 항공사가 더 안전해요 화물칸 온도는 일정하게 유지됩니다,반려동물 운송 중 사고 뉴스 보고 불안해요 항공 운송비가 생각보다 비싸서 놀랐어요 다른 방법은 없을까요 진정제는 오히려 위험할 수 있어요 경험상 대형 항공사가 더 안전해요 화물칸 온도는 일정하게 유지됩니다,-0.8,negative,1500,37,04
dog,10020,펫 친화적인 항공사 추천 부탁드려요,반려동물이 캐리어 안에서 계속 울면 다른 승객들에게 피해가 될까봐 걱정이에요.,user020,2024.11.22,917,26,"['경험상 대형 항공사가 더 안전해요', '미리 예약하면 할인 받을 수 있어요', '수의사 상담 받아보세요']",3,펫캐리어,https://gall.dcinside.com/board/view/?id=dog&no=10020,펫 친화적인 항공사 추천 부탁드려요 반려동물이 캐리어 안에서 계속 울면 다른 승객들에게 피해가 될까봐 걱정이에요.,경험상 대형 항공사가 더 안전해요 미리 예약하면 할인 받을 수 있어요 수의사 상담 받아보세요,펫 친화적인 항공사 추천 부탁드려요 반려동물이 캐리어 안에서 계속 울면 다른 승객들에게 피해가 될까봐 걱정이에요. 경험상 대형 항공사가 더 안전해요 미리 예약하면 할인 받을 수 있어요 수의사 상담 받아보세요,펫 친화적인 항공사 추천 부탁드려요 반려동물이 캐리어 안에서 계속 울면 다른 승객들에게 피해가 될까봐 걱정이에요 경험상 대형 항공사가 더 안전해요 미리 예약하면 할인 받을 수 있어요 수의사 상담 받아보세요,0.0,neutral,917,26,11
cat,10021,반려견 화물칸 운송 후기 - 스트레스 많이 받네요,반려동물이 캐리어 안에서 계속 울면 다른 승객들에게 피해가 될까봐 걱정이에요.,user021,2024.01.25,1417,5,"['진정제는 오히려 위험할 수 있어요', '수의사 상담 받아보세요']",2,화물칸 스트레스,https://gall.dcinside.com/board/view/?id=dog&no=10021,반려견 화물칸 운송 후기 - 스트레스 많이 받네요 반려동물이 캐리어 안에서 계속 울면 다른 승객들에게 피해가 될까봐 걱정이에요.,진정제는 오히려 위험할 수 있어요 수의사 상담 받아보세요,반려견 화물칸 운송 후기 - 스트레스 많이 받네요 반려동물이 캐리어 안에서 계속 울면 다른 승객들에게 피해가 될까봐 걱정이에요. 진정제는 오히려 위험할 수 있어요 수의사 상담 받아보세요,반려견 화물칸 운송 후기 스트레스 많이 받네요 반려동물이 캐리어 안에서 계속 울면 다른 승객들에게 피해가 될까봐 걱정이에요 진정제는 오히려 위험할 수 있어요 수의사 상담 받아보세요,-0.8,negative,1417,5,01
cat,10022,화물칸 환경이 걱정되는데 괜찮을까요?,펫 프렌들리한 항공사를 찾고 있는데 추천해주실 수 있나요? 서비스가 좋은 곳으로요.,user022,2024.08.10,1968,14,"['수의사 상담 받아보세요', '여행 전 건강검진 필수입니다', '미리 예약하면 할인 받을 수 있어요', '스트레스 완화용 페로몬 스프레이 추천']",4,비행기 여행,https://gall.dcinside.com/board/view/?id=dog&no=10022,화물칸 환경이 걱정되는데 괜찮을까요? 펫 프렌들리한 항공사를 찾고 있는데 추천해주실 수 있나요? 서비스가 좋은 곳으로요.,수의사 상담 받아보세요 여행 전 건강검진 필수입니다 미리 예약하면 할인 받을 수 있어요 스트레스 완화용 페로몬 스프레이 추천,화물칸 환경이 걱정되는데 괜찮을까요? 펫 프렌들리한 항공사를 찾고 있는데 추천해주실 수 있나요? 서비스가 좋은 곳으로요. 수의사 상담 받아보세요 여행 전 건강검진 필수입니다 미리 예약하면 할인 받을 수 있어요 스트레스 완화용 페로몬 스프레이 추천,화물칸 환경이 걱정되는데 괜찮을까요 펫 프렌들리한 항공사를 찾고 있는데 추천해주실 수 있나요 서비스가 좋은 곳으로요 수의사 상담 받아보세요 여행 전 건강검진 필수입니다 미리 예약하면 할인 받을 수 있어요 스트레스 완화용 페로몬 스프레이 추천,0.0,neutral,1968,14,08
travel,10023,반려동물 항공 운송 관련 보험 있나요?,화물칸 온도가 일정하게 유지되는지 궁금해요. 여름철에는 너무 더울까봐 걱정이에요.,user023,2024.08.15,99,3,"['저도 같은 고민이에요', '미리 예약하면 할인 받을 수 있어요', '진정제는 오히려 위험할 수 있어요', '보험 가입하시는 게 좋아요', '성공 경험담 공유해드릴게요']",5,반려견 여행,https://gall.dcinside.com/board/view/?id=dog&no=10023,반려동물 항공 운송 관련 보험 있나요? 화물칸 온도가 일정하게 유지되는지 궁금해요. 여름철에는 너무 더울까봐 걱정이에요.,저도 같은 고민이에요 미리 예약하면 할인 받을 수 있어요 진정제는 오히려 위험할 수 있어요 보험 가입하시는 게 좋아요 성공 경험담 공유해드릴게요,반려동물 항공 운송 관련 보험 있나요? 화물칸 온도가 일정하게 유지되는지 궁금해요. 여름철에는 너무 더울까봐 걱정이에요. 저도 같은 고민이에요 미리 예약하면 할인 받을 수 있어요 진정제는 오히려 위험할 수 있어요 보험 가입하시는 게 좋아요 성공 경험담 공유해드릴게요,반려동물 항공 운송 관련 보험 있나요 화물칸 온도가 일정하게 유지되는지 궁금해요 여름철에는 너무 더울까봐 걱정이에요 저도 같은 고민이에요 미리 예약하면 할인 받을 수 있어요 진정제는 오히려 위험할 수 있어요 보험 가입하시는 게 좋아요 성공 경험담 공유해드릴게요,0.0,neutral,99,3,08
travel,10024,고양이 항공 운송 준비물 체크리스트,해외 이주 예정인데 강아지를 어떻게 데려갈지 고민이에요. 화물칸이 안전한지 정말 걱정됩니다.,user024,2024.09.27,969,34,"['경험상 대형 항공사가 더 안전해요', '진정제는 오히려 위험할 수 있어요']",2,화물칸 스트레스,https://gall.dcinside.com/board/view/?id=dog&no=10024,고양이 항공 운송 준비물 체크리스트 해외 이주 예정인데 강아지를 어떻게 데려갈지 고민이에요. 화물칸이 안전한지 정말 걱정됩니다.,경험상 대형 항공사가 더 안전해요 진정제는 오히려 위험할 수 있어요,고양이 항공 운송 준비물 체크리스트 해외 이주 예정인데 강아지를 어떻게 데려갈지 고민이에요. 화물칸이 안전한지 정말 걱정됩니다. 경험상 대형 항공사가 더 안전해요 진정제는 오히려 위험할 수 있어요,고양이 항공 운송 준비물 체크리스트 해외 이주 예정인데 강아지를 어떻게 데려갈지 고민이에요 화물칸이 안전한지 정말 걱정됩니다 경험상 대형 항공사가 더 안전해요 진정제는 오히려 위험할 수 있어요,0.0,neutral,969,34,09
dog,10025,펫캐리어 안에서 강아지가 울면 어떡하죠?,펫캐리어 사이즈 맞춰서 준비했는데 막상 공항에서 규정에 안 맞는다고 하더군요. 미리 확인 필수입니다.,user025,2024.08.15,584,33,"['보험 가입하시는 게 좋아요', '화물칸 온도는 일정하게 유지됩니다', '경험상 대형 항공사가 더 안전해요', '미리 예약하면 할인 받을 수 있어요', '수의사 상담 받아보세요']",5,항공기 반려동물,https://gall.dcinside.com/board/view/?id=dog&no=10025,펫캐리어 안에서 강아지가 울면 어떡하죠? 펫캐리어 사이즈 맞춰서 준비했는데 막상 공항에서 규정에 안 맞는다고 하더군요. 미리 확인 필수입니다.,보험 가입하시는 게 좋아요 화물칸 온도는 일정하게 유지됩니다 경험상 대형 항공사가 더 안전해요 미리 예약하면 할인 받을 수 있어요 수의사 상담 받아보세요,펫캐리어 안에서 강아지가 울면 어떡하죠? 펫캐리어 사이즈 맞춰서 준비했는데 막상 공항에서 규정에 안 맞는다고 하더군요. 미리 확인 필수입니다. 보험 가입하시는 게 좋아요 화물칸 온도는 일정하게 유지됩니다 경험상 대형 항공사가 더 안전해요 미리 예약하면 할인 받을 수 있어요 수의사 상담 받아보세요,펫캐리어 안에서 강아지가 울면 어떡하죠 펫캐리어 사이즈 맞춰서 준비했는데 막상 공항에서 규정에 안 맞는다고 하더군요 미리 확인 필수입니다 보험 가입하시는 게 좋아요 화물칸 온도는 일정하게 유지됩니다 경험상 대형 항공사가 더 안전해요 미리 예약하면 할인 받을 수 있어요 수의사 상담 받아보세요,0.6,positive,584,33,08
travel,10026,화물칸 온도 조절 어떻게 되는지 궁금,항공 운송비가 생각보다 비싸서 놀랐어요. 다른 방법은 없을까요?,user026,2024.10.25,267,14,"['경험상 대형 항공사가 더 안전해요', '여행 전 건강검진 필수입니다', '진정제는 오히려 위험할 수 있어요', '미리 예약하면 할인 받을 수 있어요']",4,반려견 여행,https://gall.dcinside.com/board/view/?id=dog&no=10026,화물칸 온도 조절 어떻게 되는지 궁금 항공 운송비가 생각보다 비싸서 놀랐어요. 다른 방법은 없을까요?,경험상 대형 항공사가 더 안전해요 여행 전 건강검진 필수입니다 진정제는 오히려 위험할 수 있어요 미리 예약하면 할인 받을 수 있어요,화물칸 온도 조절 어떻게 되는지 궁금 항공 운송비가 생각보다 비싸서 놀랐어요. 다른 방법은 없을까요? 경험상 대형 항공사가 더 안전해요 여행 전 건강검진 필수입니다 진정제는 오히려 위험할 수 있어요 미리 예약하면 할인 받을 수 있어요,화물칸 온도 조절 어떻게 되는지 궁금 항공 운송비가 생각보다 비싸서 놀랐어요 다른 방법은 없을까요 경험상 대형 항공사가 더 안전해요 여행 전 건강검진 필수입니다 진정제는 오히려 위험할 수 있어요 미리 예약하면 할인 받을 수 있어요,-0.6,negative,267,14,10
cat,10027,강아지 항공기 태우고 해외 이주 성공기,반려동물 운송 중 사고 소식을 들으니까 정말 불안해지네요. 안전한 항공사가 어디인지 알고 싶어요.,user027,2024.05.04,937,47,"['미리 예약하면 할인 받을 수 있어요', '화물칸 온도는 일정하게 유지됩니다', '수의사 상담 받아보세요', '보험 가입하시는 게 좋아요', '성공 경험담 공유해드릴게요']",5,고양이 항공기,https://gall.dcinside.com/board/view/?id=dog&no=10027,강아지 항공기 태우고 해외 이주 성공기 반려동물 운송 중 사고 소식을 들으니까 정말 불안해지네요. 안전한 항공사가 어디인지 알고 싶어요.,미리 예약하면 할인 받을 수 있어요 화물칸 온도는 일정하게 유지됩니다 수의사 상담 받아보세요 보험 가입하시는 게 좋아요 성공 경험담 공유해드릴게요,강아지 항공기 태우고 해외 이주 성공기 반려동물 운송 중 사고 소식을 들으니까 정말 불안해지네요. 안전한 항공사가 어디인지 알고 싶어요. 미리 예약하면 할인 받을 수 있어요 화물칸 온도는 일정하게 유지됩니다 수의사 상담 받아보세요 보험 가입하시는 게 좋아요 성공 경험담 공유해드릴게요,강아지 항공기 태우고 해외 이주 성공기 반려동물 운송 중 사고 소식을 들으니까 정말 불안해지네요 안전한 항공사가 어디인지 알고 싶어요 미리 예약하면 할인 받을 수 있어요 화물칸 온도는 일정하게 유지됩니다 수의사 상담 받아보세요 보험 가입하시는 게 좋아요 성공 경험담 공유해드릴게요,0.8,positive,937,47,05
travel,10028,반려동물 항공 운송 관련 보험 있나요?,지난달에 고양이랑 비행기 타고 왔는데 생각보다 스트레스를 많이 받더라고요. 미리 준비를 더 했어야 했나 싶어요.,user028,2024.11.18,504,24,['수의사 상담 받아보세요'],1,펫 화물칸,https://gall.dcinside.com/board/view/?id=dog&no=10028,반려동물 항공 운송 관련 보험 있나요? 지난달에 고양이랑 비행기 타고 왔는데 생각보다 스트레스를 많이 받더라고요. 미리 준비를 더 했어야 했나 싶어요.,수의사 상담 받아보세요,반려동물 항공 운송 관련 보험 있나요? 지난달에 고양이랑 비행기 타고 왔는데 생각보다 스트레스를 많이 받더라고요. 미리 준비를 더 했어야 했나 싶어요. 수의사 상담 받아보세요,반려동물 항공 운송 관련 보험 있나요 지난달에 고양이랑 비행기 타고 왔는데 생각보다 스트레스를 많이 받더라고요 미리 준비를 더 했어야 했나 싶어요 수의사 상담 받아보세요,-0.3,negative,504,24,11
travel,10029,펫 친화적인 항공사 추천 부탁드려요,펫캐리어 사이즈 맞춰서 준비했는데 막상 공항에서 규정에 안 맞는다고 하더군요. 미리 확인 필수입니다.,user029,2024.09.05,1652,9,"['진정제는 오히려 위험할 수 있어요', '스트레스 완화용 페로몬 스프레이 추천', '경험상 대형 항공사가 더 안전해요', '보험 가입하시는 게 좋아요', '수의사 상담 받아보세요']",5,고양이 항공기,https://gall.dcinside.com/board/view/?id=dog&no=10029,펫 친화적인 항공사 추천 부탁드려요 펫캐리어 사이즈 맞춰서 준비했는데 막상 공항에서 규정에 안 맞는다고 하더군요. 미리 확인 필수입니다.,진정제는 오히려 위험할 수 있어요 스트레스 완화용 페로몬 스프레이 추천 경험상 대형 항공사가 더 안전해요 보험 가입하시는 게 좋아요 수의사 상담 받아보세요,펫 친화적인 항공사 추천 부탁드려요 펫캐리어 사이즈 맞춰서 준비했는데 막상 공항에서 규정에 안 맞는다고 하더군요. 미리 확인 필수입니다. 진정제는 오히려 위험할 수 있어요 스트레스 완화용 페로몬 스프레이 추천 경험상 대형 항공사가 더 안전해요 보험 가입하시는 게 좋아요 수의사 상담 받아보세요,펫 친화적인 항공사 추천 부탁드려요 펫캐리어 사이즈 맞춰서 준비했는데 막상 공항에서 규정에 안 맞는다고 하더군요 미리 확인 필수입니다 진정제는 오히려 위험할 수 있어요 스트레스 완화용 페로몬 스프레이 추천 경험상 대형 항공사가 더 안전해요 보험 가입하시는 게 좋아요 수의사 상담 받아보세요,0.8,positive,1652,9,09
cat,10030,펫 친화적인 항공사 추천 부탁드려요,장거리 비행 후에 반려동물 컨디션이 어떻게 되는지 궁금합니다. 회복 기간이 얼마나 걸리나요?,user030,2024.07.06,572,37,"['저도 같은 고민이에요', '화물칸 온도는 일정하게 유지됩니다', '경험상 대형 항공사가 더 안전해요', '보험 가입하시는 게 좋아요']",4,반려동물 항공,https://gall.dcinside.com/board/view/?id=dog&no=10030,펫 친화적인 항공사 추천 부탁드려요 장거리 비행 후에 반려동물 컨디션이 어떻게 되는지 궁금합니다. 회복 기간이 얼마나 걸리나요?,저도 같은 고민이에요 화물칸 온도는 일정하게 유지됩니다 경험상 대형 항공사가 더 안전해요 보험 가입하시는 게 좋아요,펫 친화적인 항공사 추천 부탁드려요 장거리 비행 후에 반려동물 컨디션이 어떻게 되는지 궁금합니다. 회복 기간이 얼마나 걸리나요? 저도 같은 고민이에요 화물칸 온도는 일정하게 유지됩니다 경험상 대형 항공사가 더 안전해요 보험 가입하시는 게 좋아요,펫 친화적인 항공사 추천 부탁드려요 장거리 비행 후에 반려동물 컨디션이 어떻게 되는지 궁금합니다 회복 기간이 얼마나 걸리나요 저도 같은 고민이에요 화물칸 온도는 일정하게 유지됩니다 경험상 대형 항공사가 더 안전해요 보험 가입하시는 게 좋아요,0.8,positive,572,37,07
travel,10031,화물칸 환경이 걱정되는데 괜찮을까요?,항공 운송비가 생각보다 비싸서 놀랐어요. 다른 방법은 없을까요?,user031,2024.04.15,595,41,['경험상 대형 항공사가 더 안전해요'],1,고양이 항공기,https://gall.dcinside.com/board/view/?id=dog&no=10031,화물칸 환경이 걱정되는데 괜찮을까요? 항공 운송비가 생각보다 비싸서 놀랐어요. 다른 방법은 없을까요?,경험상 대형 항공사가 더 안전해요,화물칸 환경이 걱정되는데 괜찮을까요? 항공 운송비가 생각보다 비싸서 놀랐어요. 다른 방법은 없을까요? 경험상 대형 항공사가 더 안전해요,화물칸 환경이 걱정되는데 괜찮을까요 항공 운송비가 생각보다 비싸서 놀랐어요 다른 방법은 없을까요 경험상 대형 항공사가 더 안전해요,-0.6,negative,595,41,04
cat,10032,화물칸 온도 조절 어떻게 되는지 궁금,펫 프렌들리한 항공사를 찾고 있는데 추천해주실 수 있나요? 서비스가 좋은 곳으로요.,user032,2024.02.12,1261,27,"['진정제는 오히려 위험할 수 있어요', '보험 가입하시는 게 좋아요', '성공 경험담 공유해드릴게요', '미리 예약하면 할인 받을 수 있어요']",4,고양이 항공기,https://gall.dcinside.com/board/view/?id=dog&no=10032,화물칸 온도 조절 어떻게 되는지 궁금 펫 프렌들리한 항공사를 찾고 있는데 추천해주실 수 있나요? 서비스가 좋은 곳으로요.,진정제는 오히려 위험할 수 있어요 보험 가입하시는 게 좋아요 성공 경험담 공유해드릴게요 미리 예약하면 할인 받을 수 있어요,화물칸 온도 조절 어떻게 되는지 궁금 펫 프렌들리한 항공사를 찾고 있는데 추천해주실 수 있나요? 서비스가 좋은 곳으로요. 진정제는 오히려 위험할 수 있어요 보험 가입하시는 게 좋아요 성공 경험담 공유해드릴게요 미리 예약하면 할인 받을 수 있어요,화물칸 온도 조절 어떻게 되는지 궁금 펫 프렌들리한 항공사를 찾고 있는데 추천해주실 수 있나요 서비스가 좋은 곳으로요 진정제는 오히려 위험할 수 있어요 보험 가입하시는 게 좋아요 성공 경험담 공유해드릴게요 미리 예약하면 할인 받을 수 있어요,0.8,positive,1261,27,02
dog,10033,고양이 항공 운송 준비물 체크리스트,반려동물이 캐리어 안에서 계속 울면 다른 승객들에게 피해가 될까봐 걱정이에요.,user033,2024.08.23,1095,29,['수의사 상담 받아보세요'],1,화물칸 스트레스,https://gall.dcinside.com/board/view/?id=dog&no=10033,고양이 항공 운송 준비물 체크리스트 반려동물이 캐리어 안에서 계속 울면 다른 승객들에게 피해가 될까봐 걱정이에요.,수의사 상담 받아보세요,고양이 항공 운송 준비물 체크리스트 반려동물이 캐리어 안에서 계속 울면 다른 승객들에게 피해가 될까봐 걱정이에요. 수의사 상담 받아보세요,고양이 항공 운송 준비물 체크리스트 반려동물이 캐리어 안에서 계속 울면 다른 승객들에게 피해가 될까봐 걱정이에요 수의사 상담 받아보세요,-0.6,negative,1095,29,08
dog,10034,화물칸 온도 조절 어떻게 되는지 궁금,해외 이주 예정인데 강아지를 어떻게 데려갈지 고민이에요. 화물칸이 안전한지 정말 걱정됩니다.,user034,2024.08.18,1301,19,"['저도 같은 고민이에요', '화물칸 온도는 일정하게 유지됩니다', '수의사 상담 받아보세요', '진정제는 오히려 위험할 수 있어요']",4,반려동물 운송,https://gall.dcinside.com/board/view/?id=dog&no=10034,화물칸 온도 조절 어떻게 되는지 궁금 해외 이주 예정인데 강아지를 어떻게 데려갈지 고민이에요. 화물칸이 안전한지 정말 걱정됩니다.,저도 같은 고민이에요 화물칸 온도는 일정하게 유지됩니다 수의사 상담 받아보세요 진정제는 오히려 위험할 수 있어요,화물칸 온도 조절 어떻게 되는지 궁금 해외 이주 예정인데 강아지를 어떻게 데려갈지 고민이에요. 화물칸이 안전한지 정말 걱정됩니다. 저도 같은 고민이에요 화물칸 온도는 일정하게 유지됩니다 수의사 상담 받아보세요 진정제는 오히려 위험할 수 있어요,화물칸 온도 조절 어떻게 되는지 궁금 해외 이주 예정인데 강아지를 어떻게 데려갈지 고민이에요 화물칸이 안전한지 정말 걱정됩니다 저도 같은 고민이에요 화물칸 온도는 일정하게 유지됩니다 수의사 상담 받아보세요 진정제는 오히려 위험할 수 있어요,-0.6,negative,1301,19,08
travel,10035,펫캐리어 안에서 강아지가 울면 어떡하죠?,지난달에 고양이랑 비행기 타고 왔는데 생각보다 스트레스를 많이 받더라고요. 미리 준비를 더 했어야 했나 싶어요.,user035,2024.02.15,1739,17,['진정제는 오히려 위험할 수 있어요'],1,고양이 항공기,https://gall.dcinside.com/board/view/?id=dog&no=10035,펫캐리어 안에서 강아지가 울면 어떡하죠? 지난달에 고양이랑 비행기 타고 왔는데 생각보다 스트레스를 많이 받더라고요. 미리 준비를 더 했어야 했나 싶어요.,진정제는 오히려 위험할 수 있어요,펫캐리어 안에서 강아지가 울면 어떡하죠? 지난달에 고양이랑 비행기 타고 왔는데 생각보다 스트레스를 많이 받더라고요. 미리 준비를 더 했어야 했나 싶어요. 진정제는 오히려 위험할 수 있어요,펫캐리어 안에서 강아지가 울면 어떡하죠 지난달에 고양이랑 비행기 타고 왔는데 생각보다 스트레스를 많이 받더라고요 미리 준비를 더 했어야 했나 싶어요 진정제는 오히려 위험할 수 있어요,-0.6,negative,1739,17,02
cat,10036,고양이 항공 운송 준비물 체크리스트,펫 프렌들리한 항공사를 찾고 있는데 추천해주실 수 있나요? 서비스가 좋은 곳으로요.,user036,2024.09.13,1915,34,['미리 예약하면 할인 받을 수 있어요'],1,비행기 여행,https://gall.dcinside.com/board/view/?id=dog&no=10036,고양이 항공 운송 준비물 체크리스트 펫 프렌들리한 항공사를 찾고 있는데 추천해주실 수 있나요? 서비스가 좋은 곳으로요.,미리 예약하면 할인 받을 수 있어요,고양이 항공 운송 준비물 체크리스트 펫 프렌들리한 항공사를 찾고 있는데 추천해주실 수 있나요? 서비스가 좋은 곳으로요. 미리 예약하면 할인 받을 수 있어요,고양이 항공 운송 준비물 체크리스트 펫 프렌들리한 항공사를 찾고 있는데 추천해주실 수 있나요 서비스가 좋은 곳으로요 미리 예약하면 할인 받을 수 있어요,0.3,positive,1915,34,09
dog,10037,강아지 해외여행 비행기 태우는 방법 문의,펫 프렌들리한 항공사를 찾고 있는데 추천해주실 수 있나요? 서비스가 좋은 곳으로요.,user037,2024.05.24,1338,7,"['진정제는 오히려 위험할 수 있어요', '저도 같은 고민이에요']",2,화물칸 스트레스,https://gall.dcinside.com/board/view/?id=dog&no=10037,강아지 해외여행 비행기 태우는 방법 문의 펫 프렌들리한 항공사를 찾고 있는데 추천해주실 수 있나요? 서비스가 좋은 곳으로요.,진정제는 오히려 위험할 수 있어요 저도 같은 고민이에요,강아지 해외여행 비행기 태우는 방법 문의 펫 프렌들리한 항공사를 찾고 있는데 추천해주실 수 있나요? 서비스가 좋은 곳으로요. 진정제는 오히려 위험할 수 있어요 저도 같은 고민이에요,강아지 해외여행 비행기 태우는 방법 문의 펫 프렌들리한 항공사를 찾고 있는데 추천해주실 수 있나요 서비스가 좋은 곳으로요 진정제는 오히려 위험할 수 있어요 저도 같은 고민이에요,0.0,neutral,1338,7,05
dog,10038,반려동물 운송 중 사고 뉴스 보고 불안해요,반려동물 운송 중 사고 소식을 들으니까 정말 불안해지네요. 안전한 항공사가 어디인지 알고 싶어요.,user038,2024.01.04,151,17,"['성공 경험담 공유해드릴게요', '경험상 대형 항공사가 더 안전해요', '진정제는 오히려 위험할 수 있어요', '여행 전 건강검진 필수입니다']",4,펫캐리어,https://gall.dcinside.com/board/view/?id=dog&no=10038,반려동물 운송 중 사고 뉴스 보고 불안해요 반려동물 운송 중 사고 소식을 들으니까 정말 불안해지네요. 안전한 항공사가 어디인지 알고 싶어요.,성공 경험담 공유해드릴게요 경험상 대형 항공사가 더 안전해요 진정제는 오히려 위험할 수 있어요 여행 전 건강검진 필수입니다,반려동물 운송 중 사고 뉴스 보고 불안해요 반려동물 운송 중 사고 소식을 들으니까 정말 불안해지네요. 안전한 항공사가 어디인지 알고 싶어요. 성공 경험담 공유해드릴게요 경험상 대형 항공사가 더 안전해요 진정제는 오히려 위험할 수 있어요 여행 전 건강검진 필수입니다,반려동물 운송 중 사고 뉴스 보고 불안해요 반려동물 운송 중 사고 소식을 들으니까 정말 불안해지네요 안전한 항공사가 어디인지 알고 싶어요 성공 경험담 공유해드릴게요 경험상 대형 항공사가 더 안전해요 진정제는 오히려 위험할 수 있어요 여행 전 건강검진 필수입니다,0.0,neutral,151,17,01
cat,10039,고양이 장거리 비행 후 컨디션 회복기,펫캐리어 사이즈 맞춰서 준비했는데 막상 공항에서 규정에 안 맞는다고 하더군요. 미리 확인 필수입니다.,user039,2024.06.13,1529,40,"['화물칸 온도는 일정하게 유지됩니다', '저도 같은 고민이에요', '보험 가입하시는 게 좋아요', '여행 전 건강검진 필수입니다']",4,펫 화물칸,https://gall.dcinside.com/board/view/?id=dog&no=10039,고양이 장거리 비행 후 컨디션 회복기 펫캐리어 사이즈 맞춰서 준비했는데 막상 공항에서 규정에 안 맞는다고 하더군요. 미리 확인 필수입니다.,화물칸 온도는 일정하게 유지됩니다 저도 같은 고민이에요 보험 가입하시는 게 좋아요 여행 전 건강검진 필수입니다,고양이 장거리 비행 후 컨디션 회복기 펫캐리어 사이즈 맞춰서 준비했는데 막상 공항에서 규정에 안 맞는다고 하더군요. 미리 확인 필수입니다. 화물칸 온도는 일정하게 유지됩니다 저도 같은 고민이에요 보험 가입하시는 게 좋아요 여행 전 건강검진 필수입니다,고양이 장거리 비행 후 컨디션 회복기 펫캐리어 사이즈 맞춰서 준비했는데 막상 공항에서 규정에 안 맞는다고 하더군요 미리 확인 필수입니다 화물칸 온도는 일정하게 유지됩니다 저도 같은 고민이에요 보험 가입하시는 게 좋아요 여행 전 건강검진 필수입니다,0.3,positive,1529,40,06
cat,10040,화물칸 환경이 걱정되는데 괜찮을까요?,해외 이주 예정인데 강아지를 어떻게 데려갈지 고민이에요. 화물칸이 안전한지 정말 걱정됩니다.,user040,2024.12.22,1165,14,"['진정제는 오히려 위험할 수 있어요', '성공 경험담 공유해드릴게요', '수의사 상담 받아보세요']",3,반려동물 항공,https://gall.dcinside.com/board/view/?id=dog&no=10040,화물칸 환경이 걱정되는데 괜찮을까요? 해외 이주 예정인데 강아지를 어떻게 데려갈지 고민이에요. 화물칸이 안전한지 정말 걱정됩니다.,진정제는 오히려 위험할 수 있어요 성공 경험담 공유해드릴게요 수의사 상담 받아보세요,화물칸 환경이 걱정되는데 괜찮을까요? 해외 이주 예정인데 강아지를 어떻게 데려갈지 고민이에요. 화물칸이 안전한지 정말 걱정됩니다. 진정제는 오히려 위험할 수 있어요 성공 경험담 공유해드릴게요 수의사 상담 받아보세요,화물칸 환경이 걱정되는데 괜찮을까요 해외 이주 예정인데 강아지를 어떻게 데려갈지 고민이에요 화물칸이 안전한지 정말 걱정됩니다 진정제는 오히려 위험할 수 있어요 성공 경험담 공유해드릴게요 수의사 상담 받아보세요,-0.8,negative,1165,14,12
cat,10041,반려견 진정제 먹이고 비행기 태워도 되나요?,펫 프렌들리한 항공사를 찾고 있는데 추천해주실 수 있나요? 서비스가 좋은 곳으로요.,user041,2024.07.17,768,19,"['경험상 대형 항공사가 더 안전해요', '스트레스 완화용 페로몬 스프레이 추천']",2,고양이 항공기,https://gall.dcinside.com/board/view/?id=dog&no=10041,반려견 진정제 먹이고 비행기 태워도 되나요? 펫 프렌들리한 항공사를 찾고 있는데 추천해주실 수 있나요? 서비스가 좋은 곳으로요.,경험상 대형 항공사가 더 안전해요 스트레스 완화용 페로몬 스프레이 추천,반려견 진정제 먹이고 비행기 태워도 되나요? 펫 프렌들리한 항공사를 찾고 있는데 추천해주실 수 있나요? 서비스가 좋은 곳으로요. 경험상 대형 항공사가 더 안전해요 스트레스 완화용 페로몬 스프레이 추천,반려견 진정제 먹이고 비행기 태워도 되나요 펫 프렌들리한 항공사를 찾고 있는데 추천해주실 수 있나요 서비스가 좋은 곳으로요 경험상 대형 항공사가 더 안전해요 스트레스 완화용 페로몬 스프레이 추천,0.8,positive,768,19,07
travel,10042,반려동물 항공 운송 관련 보험 있나요?,진정제를 먹여야 하는지 수의사와 상담했는데 의견이 분분하더라고요. 경험 있으신 분 조언 부탁드려요.,user042,2024.06.27,444,12,"['경험상 대형 항공사가 더 안전해요', '수의사 상담 받아보세요', '저도 같은 고민이에요']",3,펫 화물칸,https://gall.dcinside.com/board/view/?id=dog&no=10042,반려동물 항공 운송 관련 보험 있나요? 진정제를 먹여야 하는지 수의사와 상담했는데 의견이 분분하더라고요. 경험 있으신 분 조언 부탁드려요.,경험상 대형 항공사가 더 안전해요 수의사 상담 받아보세요 저도 같은 고민이에요,반려동물 항공 운송 관련 보험 있나요? 진정제를 먹여야 하는지 수의사와 상담했는데 의견이 분분하더라고요. 경험 있으신 분 조언 부탁드려요. 경험상 대형 항공사가 더 안전해요 수의사 상담 받아보세요 저도 같은 고민이에요,반려동물 항공 운송 관련 보험 있나요 진정제를 먹여야 하는지 수의사와 상담했는데 의견이 분분하더라고요 경험 있으신 분 조언 부탁드려요 경험상 대형 항공사가 더 안전해요 수의사 상담 받아보세요 저도 같은 고민이에요,0.3,positive,444,12,06
dog,10043,반려동물 비행기 여행 실패담,반려동물이 캐리어 안에서 계속 울면 다른 승객들에게 피해가 될까봐 걱정이에요.,user043,2024.10.12,1178,14,['미리 예약하면 할인 받을 수 있어요'],1,반려동물 운송,https://gall.dcinside.com/board/view/?id=dog&no=10043,반려동물 비행기 여행 실패담 반려동물이 캐리어 안에서 계속 울면 다른 승객들에게 피해가 될까봐 걱정이에요.,미리 예약하면 할인 받을 수 있어요,반려동물 비행기 여행 실패담 반려동물이 캐리어 안에서 계속 울면 다른 승객들에게 피해가 될까봐 걱정이에요. 미리 예약하면 할인 받을 수 있어요,반려동물 비행기 여행 실패담 반려동물이 캐리어 안에서 계속 울면 다른 승객들에게 피해가 될까봐 걱정이에요 미리 예약하면 할인 받을 수 있어요,-0.8,negative,1178,14,10
cat,10044,반려동물 항공 운송비 너무 비싸요,펫캐리어 사이즈 맞춰서 준비했는데 막상 공항에서 규정에 안 맞는다고 하더군요. 미리 확인 필수입니다.,user044,2024.01.19,751,20,"['보험 가입하시는 게 좋아요', '화물칸 온도는 일정하게 유지됩니다']",2,반려견 여행,https://gall.dcinside.com/board/view/?id=dog&no=10044,반려동물 항공 운송비 너무 비싸요 펫캐리어 사이즈 맞춰서 준비했는데 막상 공항에서 규정에 안 맞는다고 하더군요. 미리 확인 필수입니다.,보험 가입하시는 게 좋아요 화물칸 온도는 일정하게 유지됩니다,반려동물 항공 운송비 너무 비싸요 펫캐리어 사이즈 맞춰서 준비했는데 막상 공항에서 규정에 안 맞는다고 하더군요. 미리 확인 필수입니다. 보험 가입하시는 게 좋아요 화물칸 온도는 일정하게 유지됩니다,반려동물 항공 운송비 너무 비싸요 펫캐리어 사이즈 맞춰서 준비했는데 막상 공항에서 규정에 안 맞는다고 하더군요 미리 확인 필수입니다 보험 가입하시는 게 좋아요 화물칸 온도는 일정하게 유지됩니다,0.0,neutral,751,20,01
travel,10045,강아지 해외여행 비행기 태우는 방법 문의,항공 운송비가 생각보다 비싸서 놀랐어요. 다른 방법은 없을까요?,user045,2024.09.28,840,12,"['미리 예약하면 할인 받을 수 있어요', '저도 같은 고민이에요', '경험상 대형 항공사가 더 안전해요', '보험 가입하시는 게 좋아요', '화물칸 온도는 일정하게 유지됩니다']",5,펫 화물칸,https://gall.dcinside.com/board/view/?id=dog&no=10045,강아지 해외여행 비행기 태우는 방법 문의 항공 운송비가 생각보다 비싸서 놀랐어요. 다른 방법은 없을까요?,미리 예약하면 할인 받을 수 있어요 저도 같은 고민이에요 경험상 대형 항공사가 더 안전해요 보험 가입하시는 게 좋아요 화물칸 온도는 일정하게 유지됩니다,강아지 해외여행 비행기 태우는 방법 문의 항공 운송비가 생각보다 비싸서 놀랐어요. 다른 방법은 없을까요? 미리 예약하면 할인 받을 수 있어요 저도 같은 고민이에요 경험상 대형 항공사가 더 안전해요 보험 가입하시는 게 좋아요 화물칸 온도는 일정하게 유지됩니다,강아지 해외여행 비행기 태우는 방법 문의 항공 운송비가 생각보다 비싸서 놀랐어요 다른 방법은 없을까요 미리 예약하면 할인 받을 수 있어요 저도 같은 고민이에요 경험상 대형 항공사가 더 안전해요 보험 가입하시는 게 좋아요 화물칸 온도는 일정하게 유지됩니다,0.6,positive,840,12,09
travel,10046,반려견 화물칸 운송 후기 - 스트레스 많이 받네요,장거리 비행 후에 반려동물 컨디션이 어떻게 되는지 궁금합니다. 회복 기간이 얼마나 걸리나요?,user046,2024.10.26,1786,21,"['여행 전 건강검진 필수입니다', '스트레스 완화용 페로몬 스프레이 추천', '수의사 상담 받아보세요', '경험상 대형 항공사가 더 안전해요', '진정제는 오히려 위험할 수 있어요']",5,반려동물 운송,https://gall.dcinside.com/board/view/?id=dog&no=10046,반려견 화물칸 운송 후기 - 스트레스 많이 받네요 장거리 비행 후에 반려동물 컨디션이 어떻게 되는지 궁금합니다. 회복 기간이 얼마나 걸리나요?,여행 전 건강검진 필수입니다 스트레스 완화용 페로몬 스프레이 추천 수의사 상담 받아보세요 경험상 대형 항공사가 더 안전해요 진정제는 오히려 위험할 수 있어요,반려견 화물칸 운송 후기 - 스트레스 많이 받네요 장거리 비행 후에 반려동물 컨디션이 어떻게 되는지 궁금합니다. 회복 기간이 얼마나 걸리나요? 여행 전 건강검진 필수입니다 스트레스 완화용 페로몬 스프레이 추천 수의사 상담 받아보세요 경험상 대형 항공사가 더 안전해요 진정제는 오히려 위험할 수 있어요,반려견 화물칸 운송 후기 스트레스 많이 받네요 장거리 비행 후에 반려동물 컨디션이 어떻게 되는지 궁금합니다 회복 기간이 얼마나 걸리나요 여행 전 건강검진 필수입니다 스트레스 완화용 페로몬 스프레이 추천 수의사 상담 받아보세요 경험상 대형 항공사가 더 안전해요 진정제는 오히려 위험할 수 있어요,-0.8,negative,1786,21,10
dog,10047,화물칸 온도 조절 어떻게 되는지 궁금,펫캐리어 사이즈 맞춰서 준비했는데 막상 공항에서 규정에 안 맞는다고 하더군요. 미리 확인 필수입니다.,user047,2024.02.25,1642,50,['저도 같은 고민이에요'],1,펫캐리어,https://gall.dcinside.com/board/view/?id=dog&no=10047,화물칸 온도 조절 어떻게 되는지 궁금 펫캐리어 사이즈 맞춰서 준비했는데 막상 공항에서 규정에 안 맞는다고 하더군요. 미리 확인 필수입니다.,저도 같은 고민이에요,화물칸 온도 조절 어떻게 되는지 궁금 펫캐리어 사이즈 맞춰서 준비했는데 막상 공항에서 규정에 안 맞는다고 하더군요. 미리 확인 필수입니다. 저도 같은 고민이에요,화물칸 온도 조절 어떻게 되는지 궁금 펫캐리어 사이즈 맞춰서 준비했는데 막상 공항에서 규정에 안 맞는다고 하더군요 미리 확인 필수입니다 저도 같은 고민이에요,0.0,neutral,1642,50,02
dog,10048,화물칸 온도 조절 어떻게 되는지 궁금,반려동물 운송 중 사고 소식을 들으니까 정말 불안해지네요. 안전한 항공사가 어디인지 알고 싶어요.,user048,2024.06.07,761,18,"['화물칸 온도는 일정하게 유지됩니다', '수의사 상담 받아보세요', '성공 경험담 공유해드릴게요']",3,비행기 여행,https://gall.dcinside.com/board/view/?id=dog&no=10048,화물칸 온도 조절 어떻게 되는지 궁금 반려동물 운송 중 사고 소식을 들으니까 정말 불안해지네요. 안전한 항공사가 어디인지 알고 싶어요.,화물칸 온도는 일정하게 유지됩니다 수의사 상담 받아보세요 성공 경험담 공유해드릴게요,화물칸 온도 조절 어떻게 되는지 궁금 반려동물 운송 중 사고 소식을 들으니까 정말 불안해지네요. 안전한 항공사가 어디인지 알고 싶어요. 화물칸 온도는 일정하게 유지됩니다 수의사 상담 받아보세요 성공 경험담 공유해드릴게요,화물칸 온도 조절 어떻게 되는지 궁금 반려동물 운송 중 사고 소식을 들으니까 정말 불안해지네요 안전한 항공사가 어디인지 알고 싶어요 화물칸 온도는 일정하게 유지됩니다 수의사 상담 받아보세요 성공 경험담 공유해드릴게요,0.6,positive,761,18,06
dog,10049,고양이 항공 운송 준비물 체크리스트,화물칸 온도가 일정하게 유지되는지 궁금해요. 여름철에는 너무 더울까봐 걱정이에요.,user049,2024.02.02,1313,4,"['화물칸 온도는 일정하게 유지됩니다', '경험상 대형 항공사가 더 안전해요', '여행 전 건강검진 필수입니다', '진정제는 오히려 위험할 수 있어요']",4,항공기 반려동물,https://gall.dcinside.com/board/view/?id=dog&no=10049,고양이 항공 운송 준비물 체크리스트 화물칸 온도가 일정하게 유지되는지 궁금해요. 여름철에는 너무 더울까봐 걱정이에요.,화물칸 온도는 일정하게 유지됩니다 경험상 대형 항공사가 더 안전해요 여행 전 건강검진 필수입니다 진정제는 오히려 위험할 수 있어요,고양이 항공 운송 준비물 체크리스트 화물칸 온도가 일정하게 유지되는지 궁금해요. 여름철에는 너무 더울까봐 걱정이에요. 화물칸 온도는 일정하게 유지됩니다 경험상 대형 항공사가 더 안전해요 여행 전 건강검진 필수입니다 진정제는 오히려 위험할 수 있어요,고양이 항공 운송 준비물 체크리스트 화물칸 온도가 일정하게 유지되는지 궁금해요 여름철에는 너무 더울까봐 걱정이에요 화물칸 온도는 일정하게 유지됩니다 경험상 대형 항공사가 더 안전해요 여행 전 건강검진 필수입니다 진정제는 오히려 위험할 수 있어요,-0.6,negative,1313,4,02
dog,10050,강아지 항공기 태우고 해외 이주 성공기,진정제를 먹여야 하는지 수의사와 상담했는데 의견이 분분하더라고요. 경험 있으신 분 조언 부탁드려요.,user050,2024.01.07,50,22,"['경험상 대형 항공사가 더 안전해요', '수의사 상담 받아보세요']",2,화물칸 스트레스,https://gall.dcinside.com/board/view/?id=dog&no=10050,강아지 항공기 태우고 해외 이주 성공기 진정제를 먹여야 하는지 수의사와 상담했는데 의견이 분분하더라고요. 경험 있으신 분 조언 부탁드려요.,경험상 대형 항공사가 더 안전해요 수의사 상담 받아보세요,강아지 항공기 태우고 해외 이주 성공기 진정제를 먹여야 하는지 수의사와 상담했는데 의견이 분분하더라고요. 경험 있으신 분 조언 부탁드려요. 경험상 대형 항공사가 더 안전해요 수의사 상담 받아보세요,강아지 항공기 태우고 해외 이주 성공기 진정제를 먹여야 하는지 수의사와 상담했는데 의견이 분분하더라고요 경험 있으신 분 조언 부탁드려요 경험상 대형 항공사가 더 안전해요 수의사 상담 받아보세요,0.6,positive,50,22,01
dog,10051,펫캐리어 사이즈 규정 항공사별 정리,장거리 비행 후에 반려동물 컨디션이 어떻게 되는지 궁금합니다. 회복 기간이 얼마나 걸리나요?,user051,2024.02.25,1359,23,"['화물칸 온도는 일정하게 유지됩니다', '경험상 대형 항공사가 더 안전해요', '성공 경험담 공유해드릴게요', '미리 예약하면 할인 받을 수 있어요']",4,반려동물 항공,https://gall.dcinside.com/board/view/?id=dog&no=10051,펫캐리어 사이즈 규정 항공사별 정리 장거리 비행 후에 반려동물 컨디션이 어떻게 되는지 궁금합니다. 회복 기간이 얼마나 걸리나요?,화물칸 온도는 일정하게 유지됩니다 경험상 대형 항공사가 더 안전해요 성공 경험담 공유해드릴게요 미리 예약하면 할인 받을 수 있어요,펫캐리어 사이즈 규정 항공사별 정리 장거리 비행 후에 반려동물 컨디션이 어떻게 되는지 궁금합니다. 회복 기간이 얼마나 걸리나요? 화물칸 온도는 일정하게 유지됩니다 경험상 대형 항공사가 더 안전해요 성공 경험담 공유해드릴게요 미리 예약하면 할인 받을 수 있어요,펫캐리어 사이즈 규정 항공사별 정리 장거리 비행 후에 반려동물 컨디션이 어떻게 되는지 궁금합니다 회복 기간이 얼마나 걸리나요 화물칸 온도는 일정하게 유지됩니다 경험상 대형 항공사가 더 안전해요 성공 경험담 공유해드릴게요 미리 예약하면 할인 받을 수 있어요,0.6,positive,1359,23,02
travel,10052,반려견 진정제 먹이고 비행기 태워도 되나요?,해외 이주 예정인데 강아지를 어떻게 데려갈지 고민이에요. 화물칸이 안전한지 정말 걱정됩니다.,user052,2024.05.13,1694,41,"['스트레스 완화용 페로몬 스프레이 추천', '여행 전 건강검진 필수입니다', '화물칸 온도는 일정하게 유지됩니다']",3,강아지 비행기,https://gall.dcinside.com/board/view/?id=dog&no=10052,반려견 진정제 먹이고 비행기 태워도 되나요? 해외 이주 예정인데 강아지를 어떻게 데려갈지 고민이에요. 화물칸이 안전한지 정말 걱정됩니다.,스트레스 완화용 페로몬 스프레이 추천 여행 전 건강검진 필수입니다 화물칸 온도는 일정하게 유지됩니다,반려견 진정제 먹이고 비행기 태워도 되나요? 해외 이주 예정인데 강아지를 어떻게 데려갈지 고민이에요. 화물칸이 안전한지 정말 걱정됩니다. 스트레스 완화용 페로몬 스프레이 추천 여행 전 건강검진 필수입니다 화물칸 온도는 일정하게 유지됩니다,반려견 진정제 먹이고 비행기 태워도 되나요 해외 이주 예정인데 강아지를 어떻게 데려갈지 고민이에요 화물칸이 안전한지 정말 걱정됩니다 스트레스 완화용 페로몬 스프레이 추천 여행 전 건강검진 필수입니다 화물칸 온도는 일정하게 유지됩니다,0.0,neutral,1694,41,05
travel,10053,펫 친화적인 항공사 추천 부탁드려요,반려동물이 캐리어 안에서 계속 울면 다른 승객들에게 피해가 될까봐 걱정이에요.,user053,2024.10.03,1709,14,"['스트레스 완화용 페로몬 스프레이 추천', '화물칸 온도는 일정하게 유지됩니다', '저도 같은 고민이에요']",3,반려동물 항공,https://gall.dcinside.com/board/view/?id=dog&no=10053,펫 친화적인 항공사 추천 부탁드려요 반려동물이 캐리어 안에서 계속 울면 다른 승객들에게 피해가 될까봐 걱정이에요.,스트레스 완화용 페로몬 스프레이 추천 화물칸 온도는 일정하게 유지됩니다 저도 같은 고민이에요,펫 친화적인 항공사 추천 부탁드려요 반려동물이 캐리어 안에서 계속 울면 다른 승객들에게 피해가 될까봐 걱정이에요. 스트레스 완화용 페로몬 스프레이 추천 화물칸 온도는 일정하게 유지됩니다 저도 같은 고민이에요,펫 친화적인 항공사 추천 부탁드려요 반려동물이 캐리어 안에서 계속 울면 다른 승객들에게 피해가 될까봐 걱정이에요 스트레스 완화용 페로몬 스프레이 추천 화물칸 온도는 일정하게 유지됩니다 저도 같은 고민이에요,-0.8,negative,1709,14,10
dog,10054,펫캐리어 안에서 강아지가 울면 어떡하죠?,펫 프렌들리한 항공사를 찾고 있는데 추천해주실 수 있나요? 서비스가 좋은 곳으로요.,user054,2024.05.24,662,46,"['진정제는 오히려 위험할 수 있어요', '미리 예약하면 할인 받을 수 있어요', '성공 경험담 공유해드릴게요']",3,펫캐리어,https://gall.dcinside.com/board/view/?id=dog&no=10054,펫캐리어 안에서 강아지가 울면 어떡하죠? 펫 프렌들리한 항공사를 찾고 있는데 추천해주실 수 있나요? 서비스가 좋은 곳으로요.,진정제는 오히려 위험할 수 있어요 미리 예약하면 할인 받을 수 있어요 성공 경험담 공유해드릴게요,펫캐리어 안에서 강아지가 울면 어떡하죠? 펫 프렌들리한 항공사를 찾고 있는데 추천해주실 수 있나요? 서비스가 좋은 곳으로요. 진정제는 오히려 위험할 수 있어요 미리 예약하면 할인 받을 수 있어요 성공 경험담 공유해드릴게요,펫캐리어 안에서 강아지가 울면 어떡하죠 펫 프렌들리한 항공사를 찾고 있는데 추천해주실 수 있나요 서비스가 좋은 곳으로요 진정제는 오히려 위험할 수 있어요 미리 예약하면 할인 받을 수 있어요 성공 경험담 공유해드릴게요,0.6,positive,662,46,05
travel,10055,반려동물 항공 운송비 너무 비싸요,화물칸 온도가 일정하게 유지되는지 궁금해요. 여름철에는 너무 더울까봐 걱정이에요.,user055,2024.08.06,356,5,['여행 전 건강검진 필수입니다'],1,화물칸 스트레스,https://gall.dcinside.com/board/view/?id=dog&no=10055,반려동물 항공 운송비 너무 비싸요 화물칸 온도가 일정하게 유지되는지 궁금해요. 여름철에는 너무 더울까봐 걱정이에요.,여행 전 건강검진 필수입니다,반려동물 항공 운송비 너무 비싸요 화물칸 온도가 일정하게 유지되는지 궁금해요. 여름철에는 너무 더울까봐 걱정이에요. 여행 전 건강검진 필수입니다,반려동물 항공 운송비 너무 비싸요 화물칸 온도가 일정하게 유지되는지 궁금해요 여름철에는 너무 더울까봐 걱정이에요 여행 전 건강검진 필수입니다,-0.6,negative,356,5,08
cat,10056,반려견 화물칸 운송 후기 - 스트레스 많이 받네요,반려동물 운송 중 사고 소식을 들으니까 정말 불안해지네요. 안전한 항공사가 어디인지 알고 싶어요.,user056,2024.04.15,619,21,"['스트레스 완화용 페로몬 스프레이 추천', '진정제는 오히려 위험할 수 있어요', '경험상 대형 항공사가 더 안전해요', '보험 가입하시는 게 좋아요', '화물칸 온도는 일정하게 유지됩니다']",5,강아지 비행기,https://gall.dcinside.com/board/view/?id=dog&no=10056,반려견 화물칸 운송 후기 - 스트레스 많이 받네요 반려동물 운송 중 사고 소식을 들으니까 정말 불안해지네요. 안전한 항공사가 어디인지 알고 싶어요.,스트레스 완화용 페로몬 스프레이 추천 진정제는 오히려 위험할 수 있어요 경험상 대형 항공사가 더 안전해요 보험 가입하시는 게 좋아요 화물칸 온도는 일정하게 유지됩니다,반려견 화물칸 운송 후기 - 스트레스 많이 받네요 반려동물 운송 중 사고 소식을 들으니까 정말 불안해지네요. 안전한 항공사가 어디인지 알고 싶어요. 스트레스 완화용 페로몬 스프레이 추천 진정제는 오히려 위험할 수 있어요 경험상 대형 항공사가 더 안전해요 보험 가입하시는 게 좋아요 화물칸 온도는 일정하게 유지됩니다,반려견 화물칸 운송 후기 스트레스 많이 받네요 반려동물 운송 중 사고 소식을 들으니까 정말 불안해지네요 안전한 항공사가 어디인지 알고 싶어요 스트레스 완화용 페로몬 스프레이 추천 진정제는 오히려 위험할 수 있어요 경험상 대형 항공사가 더 안전해요 보험 가입하시는 게 좋아요 화물칸 온도는 일정하게 유지됩니다,0.0,neutral,619,21,04
cat,10057,강아지 해외여행 비행기 태우는 방법 문의,화물칸 온도가 일정하게 유지되는지 궁금해요. 여름철에는 너무 더울까봐 걱정이에요.,user057,2024.08.11,1779,45,"['스트레스 완화용 페로몬 스프레이 추천', '경험상 대형 항공사가 더 안전해요']",2,고양이 항공기,https://gall.dcinside.com/board/view/?id=dog&no=10057,강아지 해외여행 비행기 태우는 방법 문의 화물칸 온도가 일정하게 유지되는지 궁금해요. 여름철에는 너무 더울까봐 걱정이에요.,스트레스 완화용 페로몬 스프레이 추천 경험상 대형 항공사가 더 안전해요,강아지 해외여행 비행기 태우는 방법 문의 화물칸 온도가 일정하게 유지되는지 궁금해요. 여름철에는 너무 더울까봐 걱정이에요. 스트레스 완화용 페로몬 스프레이 추천 경험상 대형 항공사가 더 안전해요,강아지 해외여행 비행기 태우는 방법 문의 화물칸 온도가 일정하게 유지되는지 궁금해요 여름철에는 너무 더울까봐 걱정이에요 스트레스 완화용 페로몬 스프레이 추천 경험상 대형 항공사가 더 안전해요,0.0,neutral,1779,45,08
travel,10058,반려견 화물칸 운송 후기 - 스트레스 많이 받네요,반려동물 운송 중 사고 소식을 들으니까 정말 불안해지네요. 안전한 항공사가 어디인지 알고 싶어요.,user058,2024.08.28,633,44,"['스트레스 완화용 페로몬 스프레이 추천', '성공 경험담 공유해드릴게요', '여행 전 건강검진 필수입니다']",3,반려견 여행,https://gall.dcinside.com/board/view/?id=dog&no=10058,반려견 화물칸 운송 후기 - 스트레스 많이 받네요 반려동물 운송 중 사고 소식을 들으니까 정말 불안해지네요. 안전한 항공사가 어디인지 알고 싶어요.,스트레스 완화용 페로몬 스프레이 추천 성공 경험담 공유해드릴게요 여행 전 건강검진 필수입니다,반려견 화물칸 운송 후기 - 스트레스 많이 받네요 반려동물 운송 중 사고 소식을 들으니까 정말 불안해지네요. 안전한 항공사가 어디인지 알고 싶어요. 스트레스 완화용 페로몬 스프레이 추천 성공 경험담 공유해드릴게요 여행 전 건강검진 필수입니다,반려견 화물칸 운송 후기 스트레스 많이 받네요 반려동물 운송 중 사고 소식을 들으니까 정말 불안해지네요 안전한 항공사가 어디인지 알고 싶어요 스트레스 완화용 페로몬 스프레이 추천 성공 경험담 공유해드릴게요 여행 전 건강검진 필수입니다,0.0,neutral,633,44,08
dog,10059,펫캐리어 안에서 강아지가 울면 어떡하죠?,반려동물 운송 중 사고 소식을 들으니까 정말 불안해지네요. 안전한 항공사가 어디인지 알고 싶어요.,user059,2024.03.13,1642,27,['성공 경험담 공유해드릴게요'],1,강아지 비행기,https://gall.dcinside.com/board/view/?id=dog&no=10059,펫캐리어 안에서 강아지가 울면 어떡하죠? 반려동물 운송 중 사고 소식을 들으니까 정말 불안해지네요. 안전한 항공사가 어디인지 알고 싶어요.,성공 경험담 공유해드릴게요,펫캐리어 안에서 강아지가 울면 어떡하죠? 반려동물 운송 중 사고 소식을 들으니까 정말 불안해지네요. 안전한 항공사가 어디인지 알고 싶어요. 성공 경험담 공유해드릴게요,펫캐리어 안에서 강아지가 울면 어떡하죠 반려동물 운송 중 사고 소식을 들으니까 정말 불안해지네요 안전한 항공사가 어디인지 알고 싶어요 성공 경험담 공유해드릴게요,0.6,positive,1642,27,03
cat,10060,반려견 화물칸 운송 후기 - 스트레스 많이 받네요,반려동물이 캐리어 안에서 계속 울면 다른 승객들에게 피해가 될까봐 걱정이에요.,user060,2024.11.09,61,40,"['화물칸 온도는 일정하게 유지됩니다', '스트레스 완화용 페로몬 스프레이 추천']",2,화물칸 스트레스,https://gall.dcinside.com/board/view/?id=dog&no=10060,반려견 화물칸 운송 후기 - 스트레스 많이 받네요 반려동물이 캐리어 안에서 계속 울면 다른 승객들에게 피해가 될까봐 걱정이에요.,화물칸 온도는 일정하게 유지됩니다 스트레스 완화용 페로몬 스프레이 추천,반려견 화물칸 운송 후기 - 스트레스 많이 받네요 반려동물이 캐리어 안에서 계속 울면 다른 승객들에게 피해가 될까봐 걱정이에요. 화물칸 온도는 일정하게 유지됩니다 스트레스 완화용 페로몬 스프레이 추천,반려견 화물칸 운송 후기 스트레스 많이 받네요 반려동물이 캐리어 안에서 계속 울면 다른 승객들에게 피해가 될까봐 걱정이에요 화물칸 온도는 일정하게 유지됩니다 스트레스 완화용 페로몬 스프레이 추천,-0.8,negative,61,40,11
cat,10061,펫캐리어 안에서 강아지가 울면 어떡하죠?,장거리 비행 후에 반려동물 컨디션이 어떻게 되는지 궁금합니다. 회복 기간이 얼마나 걸리나요?,user061,2024.05.12,811,11,['저도 같은 고민이에요'],1,반려동물 항공,https://gall.dcinside.com/board/view/?id=dog&no=10061,펫캐리어 안에서 강아지가 울면 어떡하죠? 장거리 비행 후에 반려동물 컨디션이 어떻게 되는지 궁금합니다. 회복 기간이 얼마나 걸리나요?,저도 같은 고민이에요,펫캐리어 안에서 강아지가 울면 어떡하죠? 장거리 비행 후에 반려동물 컨디션이 어떻게 되는지 궁금합니다. 회복 기간이 얼마나 걸리나요? 저도 같은 고민이에요,펫캐리어 안에서 강아지가 울면 어떡하죠 장거리 비행 후에 반려동물 컨디션이 어떻게 되는지 궁금합니다 회복 기간이 얼마나 걸리나요 저도 같은 고민이에요,0.0,neutral,811,11,05
travel,10062,펫캐리어 사이즈 규정 항공사별 정리,반려동물이 캐리어 안에서 계속 울면 다른 승객들에게 피해가 될까봐 걱정이에요.,user062,2024.01.05,915,4,['저도 같은 고민이에요'],1,반려견 여행,https://gall.dcinside.com/board/view/?id=dog&no=10062,펫캐리어 사이즈 규정 항공사별 정리 반려동물이 캐리어 안에서 계속 울면 다른 승객들에게 피해가 될까봐 걱정이에요.,저도 같은 고민이에요,펫캐리어 사이즈 규정 항공사별 정리 반려동물이 캐리어 안에서 계속 울면 다른 승객들에게 피해가 될까봐 걱정이에요. 저도 같은 고민이에요,펫캐리어 사이즈 규정 항공사별 정리 반려동물이 캐리어 안에서 계속 울면 다른 승객들에게 피해가 될까봐 걱정이에요 저도 같은 고민이에요,-0.6,negative,915,4,01
travel,10063,반려동물 운송 중 사고 뉴스 보고 불안해요,진정제를 먹여야 하는지 수의사와 상담했는데 의견이 분분하더라고요. 경험 있으신 분 조언 부탁드려요.,user063,2024.07.24,559,33,"['미리 예약하면 할인 받을 수 있어요', '저도 같은 고민이에요', '화물칸 온도는 일정하게 유지됩니다', '경험상 대형 항공사가 더 안전해요']",4,반려견 여행,https://gall.dcinside.com/board/view/?id=dog&no=10063,반려동물 운송 중 사고 뉴스 보고 불안해요 진정제를 먹여야 하는지 수의사와 상담했는데 의견이 분분하더라고요. 경험 있으신 분 조언 부탁드려요.,미리 예약하면 할인 받을 수 있어요 저도 같은 고민이에요 화물칸 온도는 일정하게 유지됩니다 경험상 대형 항공사가 더 안전해요,반려동물 운송 중 사고 뉴스 보고 불안해요 진정제를 먹여야 하는지 수의사와 상담했는데 의견이 분분하더라고요. 경험 있으신 분 조언 부탁드려요. 미리 예약하면 할인 받을 수 있어요 저도 같은 고민이에요 화물칸 온도는 일정하게 유지됩니다 경험상 대형 항공사가 더 안전해요,반려동물 운송 중 사고 뉴스 보고 불안해요 진정제를 먹여야 하는지 수의사와 상담했는데 의견이 분분하더라고요 경험 있으신 분 조언 부탁드려요 미리 예약하면 할인 받을 수 있어요 저도 같은 고민이에요 화물칸 온도는 일정하게 유지됩니다 경험상 대형 항공사가 더 안전해요,0.0,neutral,559,33,07
travel,10064,반려견 화물칸 운송 후기 - 스트레스 많이 받네요,해외 이주 예정인데 강아지를 어떻게 데려갈지 고민이에요. 화물칸이 안전한지 정말 걱정됩니다.,user064,2024.03.25,1756,6,"['스트레스 완화용 페로몬 스프레이 추천', '성공 경험담 공유해드릴게요', '수의사 상담 받아보세요', '미리 예약하면 할인 받을 수 있어요']",4,반려동물 운송,https://gall.dcinside.com/board/view/?id=dog&no=10064,반려견 화물칸 운송 후기 - 스트레스 많이 받네요 해외 이주 예정인데 강아지를 어떻게 데려갈지 고민이에요. 화물칸이 안전한지 정말 걱정됩니다.,스트레스 완화용 페로몬 스프레이 추천 성공 경험담 공유해드릴게요 수의사 상담 받아보세요 미리 예약하면 할인 받을 수 있어요,반려견 화물칸 운송 후기 - 스트레스 많이 받네요 해외 이주 예정인데 강아지를 어떻게 데려갈지 고민이에요. 화물칸이 안전한지 정말 걱정됩니다. 스트레스 완화용 페로몬 스프레이 추천 성공 경험담 공유해드릴게요 수의사 상담 받아보세요 미리 예약하면 할인 받을 수 있어요,반려견 화물칸 운송 후기 스트레스 많이 받네요 해외 이주 예정인데 강아지를 어떻게 데려갈지 고민이에요 화물칸이 안전한지 정말 걱정됩니다 스트레스 완화용 페로몬 스프레이 추천 성공 경험담 공유해드릴게요 수의사 상담 받아보세요 미리 예약하면 할인 받을 수 있어요,0.0,neutral,1756,6,03
dog,10065,펫캐리어 안에서 강아지가 울면 어떡하죠?,반려동물 운송 중 사고 소식을 들으니까 정말 불안해지네요. 안전한 항공사가 어디인지 알고 싶어요.,user065,2024.11.17,1920,3,"['수의사 상담 받아보세요', '저도 같은 고민이에요', '스트레스 완화용 페로몬 스프레이 추천', '성공 경험담 공유해드릴게요']",4,펫 화물칸,https://gall.dcinside.com/board/view/?id=dog&no=10065,펫캐리어 안에서 강아지가 울면 어떡하죠? 반려동물 운송 중 사고 소식을 들으니까 정말 불안해지네요. 안전한 항공사가 어디인지 알고 싶어요.,수의사 상담 받아보세요 저도 같은 고민이에요 스트레스 완화용 페로몬 스프레이 추천 성공 경험담 공유해드릴게요,펫캐리어 안에서 강아지가 울면 어떡하죠? 반려동물 운송 중 사고 소식을 들으니까 정말 불안해지네요. 안전한 항공사가 어디인지 알고 싶어요. 수의사 상담 받아보세요 저도 같은 고민이에요 스트레스 완화용 페로몬 스프레이 추천 성공 경험담 공유해드릴게요,펫캐리어 안에서 강아지가 울면 어떡하죠 반려동물 운송 중 사고 소식을 들으니까 정말 불안해지네요 안전한 항공사가 어디인지 알고 싶어요 수의사 상담 받아보세요 저도 같은 고민이에요 스트레스 완화용 페로몬 스프레이 추천 성공 경험담 공유해드릴게요,0.8,positive,1920,3,11
cat,10066,화물칸 환경이 걱정되는데 괜찮을까요?,장거리 비행 후에 반려동물 컨디션이 어떻게 되는지 궁금합니다. 회복 기간이 얼마나 걸리나요?,user066,2024.07.18,824,15,"['경험상 대형 항공사가 더 안전해요', '수의사 상담 받아보세요', '진정제는 오히려 위험할 수 있어요']",3,화물칸 스트레스,https://gall.dcinside.com/board/view/?id=dog&no=10066,화물칸 환경이 걱정되는데 괜찮을까요? 장거리 비행 후에 반려동물 컨디션이 어떻게 되는지 궁금합니다. 회복 기간이 얼마나 걸리나요?,경험상 대형 항공사가 더 안전해요 수의사 상담 받아보세요 진정제는 오히려 위험할 수 있어요,화물칸 환경이 걱정되는데 괜찮을까요? 장거리 비행 후에 반려동물 컨디션이 어떻게 되는지 궁금합니다. 회복 기간이 얼마나 걸리나요? 경험상 대형 항공사가 더 안전해요 수의사 상담 받아보세요 진정제는 오히려 위험할 수 있어요,화물칸 환경이 걱정되는데 괜찮을까요 장거리 비행 후에 반려동물 컨디션이 어떻게 되는지 궁금합니다 회복 기간이 얼마나 걸리나요 경험상 대형 항공사가 더 안전해요 수의사 상담 받아보세요 진정제는 오히려 위험할 수 있어요,-0.6,negative,824,15,07
travel,10067,반려동물 비행기 여행 실패담,항공 운송비가 생각보다 비싸서 놀랐어요. 다른 방법은 없을까요?,user067,2024.01.26,247,28,"['성공 경험담 공유해드릴게요', '보험 가입하시는 게 좋아요', '경험상 대형 항공사가 더 안전해요', '스트레스 완화용 페로몬 스프레이 추천', '여행 전 건강검진 필수입니다']",5,펫캐리어,https://gall.dcinside.com/board/view/?id=dog&no=10067,반려동물 비행기 여행 실패담 항공 운송비가 생각보다 비싸서 놀랐어요. 다른 방법은 없을까요?,성공 경험담 공유해드릴게요 보험 가입하시는 게 좋아요 경험상 대형 항공사가 더 안전해요 스트레스 완화용 페로몬 스프레이 추천 여행 전 건강검진 필수입니다,반려동물 비행기 여행 실패담 항공 운송비가 생각보다 비싸서 놀랐어요. 다른 방법은 없을까요? 성공 경험담 공유해드릴게요 보험 가입하시는 게 좋아요 경험상 대형 항공사가 더 안전해요 스트레스 완화용 페로몬 스프레이 추천 여행 전 건강검진 필수입니다,반려동물 비행기 여행 실패담 항공 운송비가 생각보다 비싸서 놀랐어요 다른 방법은 없을까요 성공 경험담 공유해드릴게요 보험 가입하시는 게 좋아요 경험상 대형 항공사가 더 안전해요 스트레스 완화용 페로몬 스프레이 추천 여행 전 건강검진 필수입니다,0.8,positive,247,28,01
travel,10068,펫캐리어 사이즈 규정 항공사별 정리,해외 이주 예정인데 강아지를 어떻게 데려갈지 고민이에요. 화물칸이 안전한지 정말 걱정됩니다.,user068,2024.01.28,1480,49,"['진정제는 오히려 위험할 수 있어요', '수의사 상담 받아보세요', '화물칸 온도는 일정하게 유지됩니다', '경험상 대형 항공사가 더 안전해요']",4,비행기 여행,https://gall.dcinside.com/board/view/?id=dog&no=10068,펫캐리어 사이즈 규정 항공사별 정리 해외 이주 예정인데 강아지를 어떻게 데려갈지 고민이에요. 화물칸이 안전한지 정말 걱정됩니다.,진정제는 오히려 위험할 수 있어요 수의사 상담 받아보세요 화물칸 온도는 일정하게 유지됩니다 경험상 대형 항공사가 더 안전해요,펫캐리어 사이즈 규정 항공사별 정리 해외 이주 예정인데 강아지를 어떻게 데려갈지 고민이에요. 화물칸이 안전한지 정말 걱정됩니다. 진정제는 오히려 위험할 수 있어요 수의사 상담 받아보세요 화물칸 온도는 일정하게 유지됩니다 경험상 대형 항공사가 더 안전해요,펫캐리어 사이즈 규정 항공사별 정리 해외 이주 예정인데 강아지를 어떻게 데려갈지 고민이에요 화물칸이 안전한지 정말 걱정됩니다 진정제는 오히려 위험할 수 있어요 수의사 상담 받아보세요 화물칸 온도는 일정하게 유지됩니다 경험상 대형 항공사가 더 안전해요,0.0,neutral,1480,49,01
cat,10069,펫캐리어 안에서 강아지가 울면 어떡하죠?,항공 운송비가 생각보다 비싸서 놀랐어요. 다른 방법은 없을까요?,user069,2024.07.17,104,1,"['성공 경험담 공유해드릴게요', '수의사 상담 받아보세요']",2,항공기 반려동물,https://gall.dcinside.com/board/view/?id=dog&no=10069,펫캐리어 안에서 강아지가 울면 어떡하죠? 항공 운송비가 생각보다 비싸서 놀랐어요. 다른 방법은 없을까요?,성공 경험담 공유해드릴게요 수의사 상담 받아보세요,펫캐리어 안에서 강아지가 울면 어떡하죠? 항공 운송비가 생각보다 비싸서 놀랐어요. 다른 방법은 없을까요? 성공 경험담 공유해드릴게요 수의사 상담 받아보세요,펫캐리어 안에서 강아지가 울면 어떡하죠 항공 운송비가 생각보다 비싸서 놀랐어요 다른 방법은 없을까요 성공 경험담 공유해드릴게요 수의사 상담 받아보세요,0.0,neutral,104,1,07
cat,10070,강아지 항공기 태우고 해외 이주 성공기,진정제를 먹여야 하는지 수의사와 상담했는데 의견이 분분하더라고요. 경험 있으신 분 조언 부탁드려요.,user070,2024.11.24,1415,7,"['저도 같은 고민이에요', '수의사 상담 받아보세요']",2,비행기 여행,https://gall.dcinside.com/board/view/?id=dog&no=10070,강아지 항공기 태우고 해외 이주 성공기 진정제를 먹여야 하는지 수의사와 상담했는데 의견이 분분하더라고요. 경험 있으신 분 조언 부탁드려요.,저도 같은 고민이에요 수의사 상담 받아보세요,강아지 항공기 태우고 해외 이주 성공기 진정제를 먹여야 하는지 수의사와 상담했는데 의견이 분분하더라고요. 경험 있으신 분 조언 부탁드려요. 저도 같은 고민이에요 수의사 상담 받아보세요,강아지 항공기 태우고 해외 이주 성공기 진정제를 먹여야 하는지 수의사와 상담했는데 의견이 분분하더라고요 경험 있으신 분 조언 부탁드려요 저도 같은 고민이에요 수의사 상담 받아보세요,0.3,positive,1415,7,11
dog,10071,반려동물 비행기 여행 실패담,진정제를 먹여야 하는지 수의사와 상담했는데 의견이 분분하더라고요. 경험 있으신 분 조언 부탁드려요.,user071,2024.08.21,1499,39,"['화물칸 온도는 일정하게 유지됩니다', '스트레스 완화용 페로몬 스프레이 추천', '성공 경험담 공유해드릴게요']",3,화물칸 스트레스,https://gall.dcinside.com/board/view/?id=dog&no=10071,반려동물 비행기 여행 실패담 진정제를 먹여야 하는지 수의사와 상담했는데 의견이 분분하더라고요. 경험 있으신 분 조언 부탁드려요.,화물칸 온도는 일정하게 유지됩니다 스트레스 완화용 페로몬 스프레이 추천 성공 경험담 공유해드릴게요,반려동물 비행기 여행 실패담 진정제를 먹여야 하는지 수의사와 상담했는데 의견이 분분하더라고요. 경험 있으신 분 조언 부탁드려요. 화물칸 온도는 일정하게 유지됩니다 스트레스 완화용 페로몬 스프레이 추천 성공 경험담 공유해드릴게요,반려동물 비행기 여행 실패담 진정제를 먹여야 하는지 수의사와 상담했는데 의견이 분분하더라고요 경험 있으신 분 조언 부탁드려요 화물칸 온도는 일정하게 유지됩니다 스트레스 완화용 페로몬 스프레이 추천 성공 경험담 공유해드릴게요,0.0,neutral,1499,39,08
travel,10072,펫 친화적인 항공사 추천 부탁드려요,펫 프렌들리한 항공사를 찾고 있는데 추천해주실 수 있나요? 서비스가 좋은 곳으로요.,user072,2024.03.10,1685,34,"['저도 같은 고민이에요', '보험 가입하시는 게 좋아요', '스트레스 완화용 페로몬 스프레이 추천']",3,반려동물 항공,https://gall.dcinside.com/board/view/?id=dog&no=10072,펫 친화적인 항공사 추천 부탁드려요 펫 프렌들리한 항공사를 찾고 있는데 추천해주실 수 있나요? 서비스가 좋은 곳으로요.,저도 같은 고민이에요 보험 가입하시는 게 좋아요 스트레스 완화용 페로몬 스프레이 추천,펫 친화적인 항공사 추천 부탁드려요 펫 프렌들리한 항공사를 찾고 있는데 추천해주실 수 있나요? 서비스가 좋은 곳으로요. 저도 같은 고민이에요 보험 가입하시는 게 좋아요 스트레스 완화용 페로몬 스프레이 추천,펫 친화적인 항공사 추천 부탁드려요 펫 프렌들리한 항공사를 찾고 있는데 추천해주실 수 있나요 서비스가 좋은 곳으로요 저도 같은 고민이에요 보험 가입하시는 게 좋아요 스트레스 완화용 페로몬 스프레이 추천,0.8,positive,1685,34,03
travel,10073,펫캐리어 안에서 강아지가 울면 어떡하죠?,지난달에 고양이랑 비행기 타고 왔는데 생각보다 스트레스를 많이 받더라고요. 미리 준비를 더 했어야 했나 싶어요.,user073,2024.05.25,1736,37,"['화물칸 온도는 일정하게 유지됩니다', '스트레스 완화용 페로몬 스프레이 추천', '여행 전 건강검진 필수입니다']",3,비행기 여행,https://gall.dcinside.com/board/view/?id=dog&no=10073,펫캐리어 안에서 강아지가 울면 어떡하죠? 지난달에 고양이랑 비행기 타고 왔는데 생각보다 스트레스를 많이 받더라고요. 미리 준비를 더 했어야 했나 싶어요.,화물칸 온도는 일정하게 유지됩니다 스트레스 완화용 페로몬 스프레이 추천 여행 전 건강검진 필수입니다,펫캐리어 안에서 강아지가 울면 어떡하죠? 지난달에 고양이랑 비행기 타고 왔는데 생각보다 스트레스를 많이 받더라고요. 미리 준비를 더 했어야 했나 싶어요. 화물칸 온도는 일정하게 유지됩니다 스트레스 완화용 페로몬 스프레이 추천 여행 전 건강검진 필수입니다,펫캐리어 안에서 강아지가 울면 어떡하죠 지난달에 고양이랑 비행기 타고 왔는데 생각보다 스트레스를 많이 받더라고요 미리 준비를 더 했어야 했나 싶어요 화물칸 온도는 일정하게 유지됩니다 스트레스 완화용 페로몬 스프레이 추천 여행 전 건강검진 필수입니다,-0.6,negative,1736,37,05
dog,10074,반려동물 비행기 여행 실패담,펫 프렌들리한 항공사를 찾고 있는데 추천해주실 수 있나요? 서비스가 좋은 곳으로요.,user074,2024.10.07,1427,19,['미리 예약하면 할인 받을 수 있어요'],1,비행기 여행,https://gall.dcinside.com/board/view/?id=dog&no=10074,반려동물 비행기 여행 실패담 펫 프렌들리한 항공사를 찾고 있는데 추천해주실 수 있나요? 서비스가 좋은 곳으로요.,미리 예약하면 할인 받을 수 있어요,반려동물 비행기 여행 실패담 펫 프렌들리한 항공사를 찾고 있는데 추천해주실 수 있나요? 서비스가 좋은 곳으로요. 미리 예약하면 할인 받을 수 있어요,반려동물 비행기 여행 실패담 펫 프렌들리한 항공사를 찾고 있는데 추천해주실 수 있나요 서비스가 좋은 곳으로요 미리 예약하면 할인 받을 수 있어요,0.0,neutral,1427,19,10
cat,10075,고양이 장거리 비행 후 컨디션 회복기,장거리 비행 후에 반려동물 컨디션이 어떻게 되는지 궁금합니다. 회복 기간이 얼마나 걸리나요?,user075,2024.08.24,1543,19,"['보험 가입하시는 게 좋아요', '수의사 상담 받아보세요', '화물칸 온도는 일정하게 유지됩니다']",3,강아지 비행기,https://gall.dcinside.com/board/view/?id=dog&no=10075,고양이 장거리 비행 후 컨디션 회복기 장거리 비행 후에 반려동물 컨디션이 어떻게 되는지 궁금합니다. 회복 기간이 얼마나 걸리나요?,보험 가입하시는 게 좋아요 수의사 상담 받아보세요 화물칸 온도는 일정하게 유지됩니다,고양이 장거리 비행 후 컨디션 회복기 장거리 비행 후에 반려동물 컨디션이 어떻게 되는지 궁금합니다. 회복 기간이 얼마나 걸리나요? 보험 가입하시는 게 좋아요 수의사 상담 받아보세요 화물칸 온도는 일정하게 유지됩니다,고양이 장거리 비행 후 컨디션 회복기 장거리 비행 후에 반려동물 컨디션이 어떻게 되는지 궁금합니다 회복 기간이 얼마나 걸리나요 보험 가입하시는 게 좋아요 수의사 상담 받아보세요 화물칸 온도는 일정하게 유지됩니다,0.3,positive,1543,19,08
dog,10076,고양이 장거리 비행 후 컨디션 회복기,펫캐리어 사이즈 맞춰서 준비했는데 막상 공항에서 규정에 안 맞는다고 하더군요. 미리 확인 필수입니다.,user076,2024.07.16,225,9,"['스트레스 완화용 페로몬 스프레이 추천', '진정제는 오히려 위험할 수 있어요']",2,반려동물 운송,https://gall.dcinside.com/board/view/?id=dog&no=10076,고양이 장거리 비행 후 컨디션 회복기 펫캐리어 사이즈 맞춰서 준비했는데 막상 공항에서 규정에 안 맞는다고 하더군요. 미리 확인 필수입니다.,스트레스 완화용 페로몬 스프레이 추천 진정제는 오히려 위험할 수 있어요,고양이 장거리 비행 후 컨디션 회복기 펫캐리어 사이즈 맞춰서 준비했는데 막상 공항에서 규정에 안 맞는다고 하더군요. 미리 확인 필수입니다. 스트레스 완화용 페로몬 스프레이 추천 진정제는 오히려 위험할 수 있어요,고양이 장거리 비행 후 컨디션 회복기 펫캐리어 사이즈 맞춰서 준비했는데 막상 공항에서 규정에 안 맞는다고 하더군요 미리 확인 필수입니다 스트레스 완화용 페로몬 스프레이 추천 진정제는 오히려 위험할 수 있어요,-0.6,negative,225,9,07
cat,10077,강아지 항공기 태우고 해외 이주 성공기,지난달에 고양이랑 비행기 타고 왔는데 생각보다 스트레스를 많이 받더라고요. 미리 준비를 더 했어야 했나 싶어요.,user077,2024.06.11,95,14,"['스트레스 완화용 페로몬 스프레이 추천', '화물칸 온도는 일정하게 유지됩니다']",2,화물칸 스트레스,https://gall.dcinside.com/board/view/?id=dog&no=10077,강아지 항공기 태우고 해외 이주 성공기 지난달에 고양이랑 비행기 타고 왔는데 생각보다 스트레스를 많이 받더라고요. 미리 준비를 더 했어야 했나 싶어요.,스트레스 완화용 페로몬 스프레이 추천 화물칸 온도는 일정하게 유지됩니다,강아지 항공기 태우고 해외 이주 성공기 지난달에 고양이랑 비행기 타고 왔는데 생각보다 스트레스를 많이 받더라고요. 미리 준비를 더 했어야 했나 싶어요. 스트레스 완화용 페로몬 스프레이 추천 화물칸 온도는 일정하게 유지됩니다,강아지 항공기 태우고 해외 이주 성공기 지난달에 고양이랑 비행기 타고 왔는데 생각보다 스트레스를 많이 받더라고요 미리 준비를 더 했어야 했나 싶어요 스트레스 완화용 페로몬 스프레이 추천 화물칸 온도는 일정하게 유지됩니다,0.0,neutral,95,14,06
cat,10078,고양이 항공 운송 준비물 체크리스트,항공 운송비가 생각보다 비싸서 놀랐어요. 다른 방법은 없을까요?,user078,2024.08.15,431,0,"['여행 전 건강검진 필수입니다', '수의사 상담 받아보세요']",2,강아지 비행기,https://gall.dcinside.com/board/view/?id=dog&no=10078,고양이 항공 운송 준비물 체크리스트 항공 운송비가 생각보다 비싸서 놀랐어요. 다른 방법은 없을까요?,여행 전 건강검진 필수입니다 수의사 상담 받아보세요,고양이 항공 운송 준비물 체크리스트 항공 운송비가 생각보다 비싸서 놀랐어요. 다른 방법은 없을까요? 여행 전 건강검진 필수입니다 수의사 상담 받아보세요,고양이 항공 운송 준비물 체크리스트 항공 운송비가 생각보다 비싸서 놀랐어요 다른 방법은 없을까요 여행 전 건강검진 필수입니다 수의사 상담 받아보세요,-0.3,negative,431,0,08
cat,10079,반려견 화물칸 운송 후기 - 스트레스 많이 받네요,해외 이주 예정인데 강아지를 어떻게 데려갈지 고민이에요. 화물칸이 안전한지 정말 걱정됩니다.,user079,2024.01.11,1945,15,"['수의사 상담 받아보세요', '경험상 대형 항공사가 더 안전해요']",2,강아지 비행기,https://gall.dcinside.com/board/view/?id=dog&no=10079,반려견 화물칸 운송 후기 - 스트레스 많이 받네요 해외 이주 예정인데 강아지를 어떻게 데려갈지 고민이에요. 화물칸이 안전한지 정말 걱정됩니다.,수의사 상담 받아보세요 경험상 대형 항공사가 더 안전해요,반려견 화물칸 운송 후기 - 스트레스 많이 받네요 해외 이주 예정인데 강아지를 어떻게 데려갈지 고민이에요. 화물칸이 안전한지 정말 걱정됩니다. 수의사 상담 받아보세요 경험상 대형 항공사가 더 안전해요,반려견 화물칸 운송 후기 스트레스 많이 받네요 해외 이주 예정인데 강아지를 어떻게 데려갈지 고민이에요 화물칸이 안전한지 정말 걱정됩니다 수의사 상담 받아보세요 경험상 대형 항공사가 더 안전해요,0.0,neutral,1945,15,01
cat,10080,반려견 진정제 먹이고 비행기 태워도 되나요?,항공 운송비가 생각보다 비싸서 놀랐어요. 다른 방법은 없을까요?,user080,2024.03.25,1710,46,"['성공 경험담 공유해드릴게요', '경험상 대형 항공사가 더 안전해요']",2,비행기 여행,https://gall.dcinside.com/board/view/?id=dog&no=10080,반려견 진정제 먹이고 비행기 태워도 되나요? 항공 운송비가 생각보다 비싸서 놀랐어요. 다른 방법은 없을까요?,성공 경험담 공유해드릴게요 경험상 대형 항공사가 더 안전해요,반려견 진정제 먹이고 비행기 태워도 되나요? 항공 운송비가 생각보다 비싸서 놀랐어요. 다른 방법은 없을까요? 성공 경험담 공유해드릴게요 경험상 대형 항공사가 더 안전해요,반려견 진정제 먹이고 비행기 태워도 되나요 항공 운송비가 생각보다 비싸서 놀랐어요 다른 방법은 없을까요 성공 경험담 공유해드릴게요 경험상 대형 항공사가 더 안전해요,0.6,positive,1710,46,03
cat,10081,화물칸 온도 조절 어떻게 되는지 궁금,해외 이주 예정인데 강아지를 어떻게 데려갈지 고민이에요. 화물칸이 안전한지 정말 걱정됩니다.,user081,2024.11.05,553,27,['화물칸 온도는 일정하게 유지됩니다'],1,펫캐리어,https://gall.dcinside.com/board/view/?id=dog&no=10081,화물칸 온도 조절 어떻게 되는지 궁금 해외 이주 예정인데 강아지를 어떻게 데려갈지 고민이에요. 화물칸이 안전한지 정말 걱정됩니다.,화물칸 온도는 일정하게 유지됩니다,화물칸 온도 조절 어떻게 되는지 궁금 해외 이주 예정인데 강아지를 어떻게 데려갈지 고민이에요. 화물칸이 안전한지 정말 걱정됩니다. 화물칸 온도는 일정하게 유지됩니다,화물칸 온도 조절 어떻게 되는지 궁금 해외 이주 예정인데 강아지를 어떻게 데려갈지 고민이에요 화물칸이 안전한지 정말 걱정됩니다 화물칸 온도는 일정하게 유지됩니다,0.0,neutral,553,27,11
travel,10082,반려동물 항공 운송 관련 보험 있나요?,진정제를 먹여야 하는지 수의사와 상담했는데 의견이 분분하더라고요. 경험 있으신 분 조언 부탁드려요.,user082,2024.10.24,1486,22,"['성공 경험담 공유해드릴게요', '저도 같은 고민이에요', '진정제는 오히려 위험할 수 있어요']",3,화물칸 스트레스,https://gall.dcinside.com/board/view/?id=dog&no=10082,반려동물 항공 운송 관련 보험 있나요? 진정제를 먹여야 하는지 수의사와 상담했는데 의견이 분분하더라고요. 경험 있으신 분 조언 부탁드려요.,성공 경험담 공유해드릴게요 저도 같은 고민이에요 진정제는 오히려 위험할 수 있어요,반려동물 항공 운송 관련 보험 있나요? 진정제를 먹여야 하는지 수의사와 상담했는데 의견이 분분하더라고요. 경험 있으신 분 조언 부탁드려요. 성공 경험담 공유해드릴게요 저도 같은 고민이에요 진정제는 오히려 위험할 수 있어요,반려동물 항공 운송 관련 보험 있나요 진정제를 먹여야 하는지 수의사와 상담했는데 의견이 분분하더라고요 경험 있으신 분 조언 부탁드려요 성공 경험담 공유해드릴게요 저도 같은 고민이에요 진정제는 오히려 위험할 수 있어요,0.0,neutral,1486,22,10
dog,10083,반려동물 비행기 여행 실패담,펫캐리어 사이즈 맞춰서 준비했는데 막상 공항에서 규정에 안 맞는다고 하더군요. 미리 확인 필수입니다.,user083,2024.11.03,308,7,"['수의사 상담 받아보세요', '진정제는 오히려 위험할 수 있어요']",2,항공기 반려동물,https://gall.dcinside.com/board/view/?id=dog&no=10083,반려동물 비행기 여행 실패담 펫캐리어 사이즈 맞춰서 준비했는데 막상 공항에서 규정에 안 맞는다고 하더군요. 미리 확인 필수입니다.,수의사 상담 받아보세요 진정제는 오히려 위험할 수 있어요,반려동물 비행기 여행 실패담 펫캐리어 사이즈 맞춰서 준비했는데 막상 공항에서 규정에 안 맞는다고 하더군요. 미리 확인 필수입니다. 수의사 상담 받아보세요 진정제는 오히려 위험할 수 있어요,반려동물 비행기 여행 실패담 펫캐리어 사이즈 맞춰서 준비했는데 막상 공항에서 규정에 안 맞는다고 하더군요 미리 확인 필수입니다 수의사 상담 받아보세요 진정제는 오히려 위험할 수 있어요,-0.6,negative,308,7,11
travel,10084,반려동물 운송 중 사고 뉴스 보고 불안해요,펫캐리어 사이즈 맞춰서 준비했는데 막상 공항에서 규정에 안 맞는다고 하더군요. 미리 확인 필수입니다.,user084,2024.09.22,600,39,"['진정제는 오히려 위험할 수 있어요', '경험상 대형 항공사가 더 안전해요', '성공 경험담 공유해드릴게요']",3,반려견 여행,https://gall.dcinside.com/board/view/?id=dog&no=10084,반려동물 운송 중 사고 뉴스 보고 불안해요 펫캐리어 사이즈 맞춰서 준비했는데 막상 공항에서 규정에 안 맞는다고 하더군요. 미리 확인 필수입니다.,진정제는 오히려 위험할 수 있어요 경험상 대형 항공사가 더 안전해요 성공 경험담 공유해드릴게요,반려동물 운송 중 사고 뉴스 보고 불안해요 펫캐리어 사이즈 맞춰서 준비했는데 막상 공항에서 규정에 안 맞는다고 하더군요. 미리 확인 필수입니다. 진정제는 오히려 위험할 수 있어요 경험상 대형 항공사가 더 안전해요 성공 경험담 공유해드릴게요,반려동물 운송 중 사고 뉴스 보고 불안해요 펫캐리어 사이즈 맞춰서 준비했는데 막상 공항에서 규정에 안 맞는다고 하더군요 미리 확인 필수입니다 진정제는 오히려 위험할 수 있어요 경험상 대형 항공사가 더 안전해요 성공 경험담 공유해드릴게요,0.0,neutral,600,39,09
travel,10085,고양이 항공 운송 준비물 체크리스트,장거리 비행 후에 반려동물 컨디션이 어떻게 되는지 궁금합니다. 회복 기간이 얼마나 걸리나요?,user085,2024.11.04,266,15,['스트레스 완화용 페로몬 스프레이 추천'],1,펫 화물칸,https://gall.dcinside.com/board/view/?id=dog&no=10085,고양이 항공 운송 준비물 체크리스트 장거리 비행 후에 반려동물 컨디션이 어떻게 되는지 궁금합니다. 회복 기간이 얼마나 걸리나요?,스트레스 완화용 페로몬 스프레이 추천,고양이 항공 운송 준비물 체크리스트 장거리 비행 후에 반려동물 컨디션이 어떻게 되는지 궁금합니다. 회복 기간이 얼마나 걸리나요? 스트레스 완화용 페로몬 스프레이 추천,고양이 항공 운송 준비물 체크리스트 장거리 비행 후에 반려동물 컨디션이 어떻게 되는지 궁금합니다 회복 기간이 얼마나 걸리나요 스트레스 완화용 페로몬 스프레이 추천,0.0,neutral,266,15,11
cat,10086,반려견 진정제 먹이고 비행기 태워도 되나요?,장거리 비행 후에 반려동물 컨디션이 어떻게 되는지 궁금합니다. 회복 기간이 얼마나 걸리나요?,user086,2024.11.24,1926,5,"['여행 전 건강검진 필수입니다', '보험 가입하시는 게 좋아요', '수의사 상담 받아보세요', '저도 같은 고민이에요']",4,화물칸 스트레스,https://gall.dcinside.com/board/view/?id=dog&no=10086,반려견 진정제 먹이고 비행기 태워도 되나요? 장거리 비행 후에 반려동물 컨디션이 어떻게 되는지 궁금합니다. 회복 기간이 얼마나 걸리나요?,여행 전 건강검진 필수입니다 보험 가입하시는 게 좋아요 수의사 상담 받아보세요 저도 같은 고민이에요,반려견 진정제 먹이고 비행기 태워도 되나요? 장거리 비행 후에 반려동물 컨디션이 어떻게 되는지 궁금합니다. 회복 기간이 얼마나 걸리나요? 여행 전 건강검진 필수입니다 보험 가입하시는 게 좋아요 수의사 상담 받아보세요 저도 같은 고민이에요,반려견 진정제 먹이고 비행기 태워도 되나요 장거리 비행 후에 반려동물 컨디션이 어떻게 되는지 궁금합니다 회복 기간이 얼마나 걸리나요 여행 전 건강검진 필수입니다 보험 가입하시는 게 좋아요 수의사 상담 받아보세요 저도 같은 고민이에요,0.3,positive,1926,5,11
cat,10087,고양이 장거리 비행 후 컨디션 회복기,해외 이주 예정인데 강아지를 어떻게 데려갈지 고민이에요. 화물칸이 안전한지 정말 걱정됩니다.,user087,2024.05.02,1782,8,"['저도 같은 고민이에요', '진정제는 오히려 위험할 수 있어요']",2,고양이 항공기,https://gall.dcinside.com/board/view/?id=dog&no=10087,고양이 장거리 비행 후 컨디션 회복기 해외 이주 예정인데 강아지를 어떻게 데려갈지 고민이에요. 화물칸이 안전한지 정말 걱정됩니다.,저도 같은 고민이에요 진정제는 오히려 위험할 수 있어요,고양이 장거리 비행 후 컨디션 회복기 해외 이주 예정인데 강아지를 어떻게 데려갈지 고민이에요. 화물칸이 안전한지 정말 걱정됩니다. 저도 같은 고민이에요 진정제는 오히려 위험할 수 있어요,고양이 장거리 비행 후 컨디션 회복기 해외 이주 예정인데 강아지를 어떻게 데려갈지 고민이에요 화물칸이 안전한지 정말 걱정됩니다 저도 같은 고민이에요 진정제는 오히려 위험할 수 있어요,-0.6,negative,1782,8,05
travel,10088,반려동물 항공 운송 관련 보험 있나요?,장거리 비행 후에 반려동물 컨디션이 어떻게 되는지 궁금합니다. 회복 기간이 얼마나 걸리나요?,user088,2024.11.14,125,44,"['저도 같은 고민이에요', '스트레스 완화용 페로몬 스프레이 추천', '진정제는 오히려 위험할 수 있어요']",3,강아지 비행기,https://gall.dcinside.com/board/view/?id=dog&no=10088,반려동물 항공 운송 관련 보험 있나요? 장거리 비행 후에 반려동물 컨디션이 어떻게 되는지 궁금합니다. 회복 기간이 얼마나 걸리나요?,저도 같은 고민이에요 스트레스 완화용 페로몬 스프레이 추천 진정제는 오히려 위험할 수 있어요,반려동물 항공 운송 관련 보험 있나요? 장거리 비행 후에 반려동물 컨디션이 어떻게 되는지 궁금합니다. 회복 기간이 얼마나 걸리나요? 저도 같은 고민이에요 스트레스 완화용 페로몬 스프레이 추천 진정제는 오히려 위험할 수 있어요,반려동물 항공 운송 관련 보험 있나요 장거리 비행 후에 반려동물 컨디션이 어떻게 되는지 궁금합니다 회복 기간이 얼마나 걸리나요 저도 같은 고민이에요 스트레스 완화용 페로몬 스프레이 추천 진정제는 오히려 위험할 수 있어요,-0.6,negative,125,44,11
travel,10089,펫 친화적인 항공사 추천 부탁드려요,지난달에 고양이랑 비행기 타고 왔는데 생각보다 스트레스를 많이 받더라고요. 미리 준비를 더 했어야 했나 싶어요.,user089,2024.04.23,353,48,"['여행 전 건강검진 필수입니다', '화물칸 온도는 일정하게 유지됩니다', '보험 가입하시는 게 좋아요']",3,항공기 반려동물,https://gall.dcinside.com/board/view/?id=dog&no=10089,펫 친화적인 항공사 추천 부탁드려요 지난달에 고양이랑 비행기 타고 왔는데 생각보다 스트레스를 많이 받더라고요. 미리 준비를 더 했어야 했나 싶어요.,여행 전 건강검진 필수입니다 화물칸 온도는 일정하게 유지됩니다 보험 가입하시는 게 좋아요,펫 친화적인 항공사 추천 부탁드려요 지난달에 고양이랑 비행기 타고 왔는데 생각보다 스트레스를 많이 받더라고요. 미리 준비를 더 했어야 했나 싶어요. 여행 전 건강검진 필수입니다 화물칸 온도는 일정하게 유지됩니다 보험 가입하시는 게 좋아요,펫 친화적인 항공사 추천 부탁드려요 지난달에 고양이랑 비행기 타고 왔는데 생각보다 스트레스를 많이 받더라고요 미리 준비를 더 했어야 했나 싶어요 여행 전 건강검진 필수입니다 화물칸 온도는 일정하게 유지됩니다 보험 가입하시는 게 좋아요,0.6,positive,353,48,04
travel,10090,화물칸 환경이 걱정되는데 괜찮을까요?,화물칸 온도가 일정하게 유지되는지 궁금해요. 여름철에는 너무 더울까봐 걱정이에요.,user090,2024.06.28,1443,40,['화물칸 온도는 일정하게 유지됩니다'],1,펫캐리어,https://gall.dcinside.com/board/view/?id=dog&no=10090,화물칸 환경이 걱정되는데 괜찮을까요? 화물칸 온도가 일정하게 유지되는지 궁금해요. 여름철에는 너무 더울까봐 걱정이에요.,화물칸 온도는 일정하게 유지됩니다,화물칸 환경이 걱정되는데 괜찮을까요? 화물칸 온도가 일정하게 유지되는지 궁금해요. 여름철에는 너무 더울까봐 걱정이에요. 화물칸 온도는 일정하게 유지됩니다,화물칸 환경이 걱정되는데 괜찮을까요 화물칸 온도가 일정하게 유지되는지 궁금해요 여름철에는 너무 더울까봐 걱정이에요 화물칸 온도는 일정하게 유지됩니다,-0.6,negative,1443,40,06
travel,10091,화물칸 환경이 걱정되는데 괜찮을까요?,항공 운송비가 생각보다 비싸서 놀랐어요. 다른 방법은 없을까요?,user091,2024.12.23,459,13,"['성공 경험담 공유해드릴게요', '수의사 상담 받아보세요', '보험 가입하시는 게 좋아요']",3,비행기 여행,https://gall.dcinside.com/board/view/?id=dog&no=10091,화물칸 환경이 걱정되는데 괜찮을까요? 항공 운송비가 생각보다 비싸서 놀랐어요. 다른 방법은 없을까요?,성공 경험담 공유해드릴게요 수의사 상담 받아보세요 보험 가입하시는 게 좋아요,화물칸 환경이 걱정되는데 괜찮을까요? 항공 운송비가 생각보다 비싸서 놀랐어요. 다른 방법은 없을까요? 성공 경험담 공유해드릴게요 수의사 상담 받아보세요 보험 가입하시는 게 좋아요,화물칸 환경이 걱정되는데 괜찮을까요 항공 운송비가 생각보다 비싸서 놀랐어요 다른 방법은 없을까요 성공 경험담 공유해드릴게요 수의사 상담 받아보세요 보험 가입하시는 게 좋아요,0.0,neutral,459,13,12
cat,10092,반려동물 운송 중 사고 뉴스 보고 불안해요,펫 프렌들리한 항공사를 찾고 있는데 추천해주실 수 있나요? 서비스가 좋은 곳으로요.,user092,2024.08.16,126,47,"['저도 같은 고민이에요', '경험상 대형 항공사가 더 안전해요', '여행 전 건강검진 필수입니다', '진정제는 오히려 위험할 수 있어요']",4,펫캐리어,https://gall.dcinside.com/board/view/?id=dog&no=10092,반려동물 운송 중 사고 뉴스 보고 불안해요 펫 프렌들리한 항공사를 찾고 있는데 추천해주실 수 있나요? 서비스가 좋은 곳으로요.,저도 같은 고민이에요 경험상 대형 항공사가 더 안전해요 여행 전 건강검진 필수입니다 진정제는 오히려 위험할 수 있어요,반려동물 운송 중 사고 뉴스 보고 불안해요 펫 프렌들리한 항공사를 찾고 있는데 추천해주실 수 있나요? 서비스가 좋은 곳으로요. 저도 같은 고민이에요 경험상 대형 항공사가 더 안전해요 여행 전 건강검진 필수입니다 진정제는 오히려 위험할 수 있어요,반려동물 운송 중 사고 뉴스 보고 불안해요 펫 프렌들리한 항공사를 찾고 있는데 추천해주실 수 있나요 서비스가 좋은 곳으로요 저도 같은 고민이에요 경험상 대형 항공사가 더 안전해요 여행 전 건강검진 필수입니다 진정제는 오히려 위험할 수 있어요,0.0,neutral,126,47,08
cat,10093,강아지 해외여행 비행기 태우는 방법 문의,반려동물이 캐리어 안에서 계속 울면 다른 승객들에게 피해가 될까봐 걱정이에요.,user093,2024.09.24,1780,39,"['여행 전 건강검진 필수입니다', '저도 같은 고민이에요', '미리 예약하면 할인 받을 수 있어요', '경험상 대형 항공사가 더 안전해요', '보험 가입하시는 게 좋아요']",5,화물칸 스트레스,https://gall.dcinside.com/board/view/?id=dog&no=10093,강아지 해외여행 비행기 태우는 방법 문의 반려동물이 캐리어 안에서 계속 울면 다른 승객들에게 피해가 될까봐 걱정이에요.,여행 전 건강검진 필수입니다 저도 같은 고민이에요 미리 예약하면 할인 받을 수 있어요 경험상 대형 항공사가 더 안전해요 보험 가입하시는 게 좋아요,강아지 해외여행 비행기 태우는 방법 문의 반려동물이 캐리어 안에서 계속 울면 다른 승객들에게 피해가 될까봐 걱정이에요. 여행 전 건강검진 필수입니다 저도 같은 고민이에요 미리 예약하면 할인 받을 수 있어요 경험상 대형 항공사가 더 안전해요 보험 가입하시는 게 좋아요,강아지 해외여행 비행기 태우는 방법 문의 반려동물이 캐리어 안에서 계속 울면 다른 승객들에게 피해가 될까봐 걱정이에요 여행 전 건강검진 필수입니다 저도 같은 고민이에요 미리 예약하면 할인 받을 수 있어요 경험상 대형 항공사가 더 안전해요 보험 가입하시는 게 좋아요,0.0,neutral,1780,39,09
cat,10094,펫 친화적인 항공사 추천 부탁드려요,펫 프렌들리한 항공사를 찾고 있는데 추천해주실 수 있나요? 서비스가 좋은 곳으로요.,user094,2024.05.03,1705,8,"['성공 경험담 공유해드릴게요', '스트레스 완화용 페로몬 스프레이 추천', '보험 가입하시는 게 좋아요', '저도 같은 고민이에요', '미리 예약하면 할인 받을 수 있어요']",5,고양이 항공기,https://gall.dcinside.com/board/view/?id=dog&no=10094,펫 친화적인 항공사 추천 부탁드려요 펫 프렌들리한 항공사를 찾고 있는데 추천해주실 수 있나요? 서비스가 좋은 곳으로요.,성공 경험담 공유해드릴게요 스트레스 완화용 페로몬 스프레이 추천 보험 가입하시는 게 좋아요 저도 같은 고민이에요 미리 예약하면 할인 받을 수 있어요,펫 친화적인 항공사 추천 부탁드려요 펫 프렌들리한 항공사를 찾고 있는데 추천해주실 수 있나요? 서비스가 좋은 곳으로요. 성공 경험담 공유해드릴게요 스트레스 완화용 페로몬 스프레이 추천 보험 가입하시는 게 좋아요 저도 같은 고민이에요 미리 예약하면 할인 받을 수 있어요,펫 친화적인 항공사 추천 부탁드려요 펫 프렌들리한 항공사를 찾고 있는데 추천해주실 수 있나요 서비스가 좋은 곳으로요 성공 경험담 공유해드릴게요 스트레스 완화용 페로몬 스프레이 추천 보험 가입하시는 게 좋아요 저도 같은 고민이에요 미리 예약하면 할인 받을 수 있어요,0.8,positive,1705,8,05
dog,10095,반려견 진정제 먹이고 비행기 태워도 되나요?,반려동물 운송 중 사고 소식을 들으니까 정말 불안해지네요. 안전한 항공사가 어디인지 알고 싶어요.,user095,2024.09.12,936,5,"['수의사 상담 받아보세요', '경험상 대형 항공사가 더 안전해요', '성공 경험담 공유해드릴게요']",3,반려동물 운송,https://gall.dcinside.com/board/view/?id=dog&no=10095,반려견 진정제 먹이고 비행기 태워도 되나요? 반려동물 운송 중 사고 소식을 들으니까 정말 불안해지네요. 안전한 항공사가 어디인지 알고 싶어요.,수의사 상담 받아보세요 경험상 대형 항공사가 더 안전해요 성공 경험담 공유해드릴게요,반려견 진정제 먹이고 비행기 태워도 되나요? 반려동물 운송 중 사고 소식을 들으니까 정말 불안해지네요. 안전한 항공사가 어디인지 알고 싶어요. 수의사 상담 받아보세요 경험상 대형 항공사가 더 안전해요 성공 경험담 공유해드릴게요,반려견 진정제 먹이고 비행기 태워도 되나요 반려동물 운송 중 사고 소식을 들으니까 정말 불안해지네요 안전한 항공사가 어디인지 알고 싶어요 수의사 상담 받아보세요 경험상 대형 항공사가 더 안전해요 성공 경험담 공유해드릴게요,0.8,positive,936,5,09
cat,10096,화물칸 환경이 걱정되는데 괜찮을까요?,화물칸 온도가 일정하게 유지되는지 궁금해요. 여름철에는 너무 더울까봐 걱정이에요.,user096,2024.05.08,812,36,"['보험 가입하시는 게 좋아요', '미리 예약하면 할인 받을 수 있어요', '수의사 상담 받아보세요', '스트레스 완화용 페로몬 스프레이 추천', '진정제는 오히려 위험할 수 있어요']",5,반려동물 운송,https://gall.dcinside.com/board/view/?id=dog&no=10096,화물칸 환경이 걱정되는데 괜찮을까요? 화물칸 온도가 일정하게 유지되는지 궁금해요. 여름철에는 너무 더울까봐 걱정이에요.,보험 가입하시는 게 좋아요 미리 예약하면 할인 받을 수 있어요 수의사 상담 받아보세요 스트레스 완화용 페로몬 스프레이 추천 진정제는 오히려 위험할 수 있어요,화물칸 환경이 걱정되는데 괜찮을까요? 화물칸 온도가 일정하게 유지되는지 궁금해요. 여름철에는 너무 더울까봐 걱정이에요. 보험 가입하시는 게 좋아요 미리 예약하면 할인 받을 수 있어요 수의사 상담 받아보세요 스트레스 완화용 페로몬 스프레이 추천 진정제는 오히려 위험할 수 있어요,화물칸 환경이 걱정되는데 괜찮을까요 화물칸 온도가 일정하게 유지되는지 궁금해요 여름철에는 너무 더울까봐 걱정이에요 보험 가입하시는 게 좋아요 미리 예약하면 할인 받을 수 있어요 수의사 상담 받아보세요 스트레스 완화용 페로몬 스프레이 추천 진정제는 오히려 위험할 수 있어요,-0.8,negative,812,36,05
cat,10097,반려동물 운송 중 사고 뉴스 보고 불안해요,펫캐리어 사이즈 맞춰서 준비했는데 막상 공항에서 규정에 안 맞는다고 하더군요. 미리 확인 필수입니다.,user097,2024.03.28,1533,31,"['스트레스 완화용 페로몬 스프레이 추천', '여행 전 건강검진 필수입니다']",2,항공기 반려동물,https://gall.dcinside.com/board/view/?id=dog&no=10097,반려동물 운송 중 사고 뉴스 보고 불안해요 펫캐리어 사이즈 맞춰서 준비했는데 막상 공항에서 규정에 안 맞는다고 하더군요. 미리 확인 필수입니다.,스트레스 완화용 페로몬 스프레이 추천 여행 전 건강검진 필수입니다,반려동물 운송 중 사고 뉴스 보고 불안해요 펫캐리어 사이즈 맞춰서 준비했는데 막상 공항에서 규정에 안 맞는다고 하더군요. 미리 확인 필수입니다. 스트레스 완화용 페로몬 스프레이 추천 여행 전 건강검진 필수입니다,반려동물 운송 중 사고 뉴스 보고 불안해요 펫캐리어 사이즈 맞춰서 준비했는데 막상 공항에서 규정에 안 맞는다고 하더군요 미리 확인 필수입니다 스트레스 완화용 페로몬 스프레이 추천 여행 전 건강검진 필수입니다,-0.6,negative,1533,31,03
travel,10098,반려동물 항공 운송비 너무 비싸요,펫캐리어 사이즈 맞춰서 준비했는데 막상 공항에서 규정에 안 맞는다고 하더군요. 미리 확인 필수입니다.,user098,2024.11.01,1870,35,"['여행 전 건강검진 필수입니다', '경험상 대형 항공사가 더 안전해요', '화물칸 온도는 일정하게 유지됩니다', '미리 예약하면 할인 받을 수 있어요', '성공 경험담 공유해드릴게요']",5,화물칸 스트레스,https://gall.dcinside.com/board/view/?id=dog&no=10098,반려동물 항공 운송비 너무 비싸요 펫캐리어 사이즈 맞춰서 준비했는데 막상 공항에서 규정에 안 맞는다고 하더군요. 미리 확인 필수입니다.,여행 전 건강검진 필수입니다 경험상 대형 항공사가 더 안전해요 화물칸 온도는 일정하게 유지됩니다 미리 예약하면 할인 받을 수 있어요 성공 경험담 공유해드릴게요,반려동물 항공 운송비 너무 비싸요 펫캐리어 사이즈 맞춰서 준비했는데 막상 공항에서 규정에 안 맞는다고 하더군요. 미리 확인 필수입니다. 여행 전 건강검진 필수입니다 경험상 대형 항공사가 더 안전해요 화물칸 온도는 일정하게 유지됩니다 미리 예약하면 할인 받을 수 있어요 성공 경험담 공유해드릴게요,반려동물 항공 운송비 너무 비싸요 펫캐리어 사이즈 맞춰서 준비했는데 막상 공항에서 규정에 안 맞는다고 하더군요 미리 확인 필수입니다 여행 전 건강검진 필수입니다 경험상 대형 항공사가 더 안전해요 화물칸 온도는 일정하게 유지됩니다 미리 예약하면 할인 받을 수 있어요 성공 경험담 공유해드릴게요,0.6,positive,1870,35,11
cat,10099,반려동물 비행기 여행 실패담,해외 이주 예정인데 강아지를 어떻게 데려갈지 고민이에요. 화물칸이 안전한지 정말 걱정됩니다.,user099,2024.12.16,222,17,['화물칸 온도는 일정하게 유지됩니다'],1,반려동물 항공,https://gall.dcinside.com/board/view/?id=dog&no=10099,반려동물 비행기 여행 실패담 해외 이주 예정인데 강아지를 어떻게 데려갈지 고민이에요. 화물칸이 안전한지 정말 걱정됩니다.,화물칸 온도는 일정하게 유지됩니다,반려동물 비행기 여행 실패담 해외 이주 예정인데 강아지를 어떻게 데려갈지 고민이에요. 화물칸이 안전한지 정말 걱정됩니다. 화물칸 온도는 일정하게 유지됩니다,반려동물 비행기 여행 실패담 해외 이주 예정인데 강아지를 어떻게 데려갈지 고민이에요 화물칸이 안전한지 정말 걱정됩니다 화물칸 온도는 일정하게 유지됩니다,-0.6,negative,222,17,12
travel,10100,반려동물 운송 중 사고 뉴스 보고 불안해요,화물칸 온도가 일정하게 유지되는지 궁금해요. 여름철에는 너무 더울까봐 걱정이에요.,user100,2024.10.09,2000,43,['저도 같은 고민이에요'],1,항공기 반려동물,https://gall.dcinside.com/board/view/?id=dog&no=10100,반려동물 운송 중 사고 뉴스 보고 불안해요 화물칸 온도가 일정하게 유지되는지 궁금해요. 여름철에는 너무 더울까봐 걱정이에요.,저도 같은 고민이에요,반려동물 운송 중 사고 뉴스 보고 불안해요 화물칸 온도가 일정하게 유지되는지 궁금해요. 여름철에는 너무 더울까봐 걱정이에요. 저도 같은 고민이에요,반려동물 운송 중 사고 뉴스 보고 불안해요 화물칸 온도가 일정하게 유지되는지 궁금해요 여름철에는 너무 더울까봐 걱정이에요 저도 같은 고민이에요,-0.6,negative,2000,43,10
travel,10101,반려동물 운송 중 사고 뉴스 보고 불안해요,펫 프렌들리한 항공사를 찾고 있는데 추천해주실 수 있나요? 서비스가 좋은 곳으로요.,user101,2024.02.14,463,9,"['미리 예약하면 할인 받을 수 있어요', '스트레스 완화용 페로몬 스프레이 추천', '경험상 대형 항공사가 더 안전해요', '수의사 상담 받아보세요', '성공 경험담 공유해드릴게요']",5,펫 화물칸,https://gall.dcinside.com/board/view/?id=dog&no=10101,반려동물 운송 중 사고 뉴스 보고 불안해요 펫 프렌들리한 항공사를 찾고 있는데 추천해주실 수 있나요? 서비스가 좋은 곳으로요.,미리 예약하면 할인 받을 수 있어요 스트레스 완화용 페로몬 스프레이 추천 경험상 대형 항공사가 더 안전해요 수의사 상담 받아보세요 성공 경험담 공유해드릴게요,반려동물 운송 중 사고 뉴스 보고 불안해요 펫 프렌들리한 항공사를 찾고 있는데 추천해주실 수 있나요? 서비스가 좋은 곳으로요. 미리 예약하면 할인 받을 수 있어요 스트레스 완화용 페로몬 스프레이 추천 경험상 대형 항공사가 더 안전해요 수의사 상담 받아보세요 성공 경험담 공유해드릴게요,반려동물 운송 중 사고 뉴스 보고 불안해요 펫 프렌들리한 항공사를 찾고 있는데 추천해주실 수 있나요 서비스가 좋은 곳으로요 미리 예약하면 할인 받을 수 있어요 스트레스 완화용 페로몬 스프레이 추천 경험상 대형 항공사가 더 안전해요 수의사 상담 받아보세요 성공 경험담 공유해드릴게요,0.8,positive,463,9,02
cat,10102,펫 친화적인 항공사 추천 부탁드려요,해외 이주 예정인데 강아지를 어떻게 데려갈지 고민이에요. 화물칸이 안전한지 정말 걱정됩니다.,user102,2024.10.11,1577,42,"['보험 가입하시는 게 좋아요', '수의사 상담 받아보세요']",2,펫캐리어,https://gall.dcinside.com/board/view/?id=dog&no=10102,펫 친화적인 항공사 추천 부탁드려요 해외 이주 예정인데 강아지를 어떻게 데려갈지 고민이에요. 화물칸이 안전한지 정말 걱정됩니다.,보험 가입하시는 게 좋아요 수의사 상담 받아보세요,펫 친화적인 항공사 추천 부탁드려요 해외 이주 예정인데 강아지를 어떻게 데려갈지 고민이에요. 화물칸이 안전한지 정말 걱정됩니다. 보험 가입하시는 게 좋아요 수의사 상담 받아보세요,펫 친화적인 항공사 추천 부탁드려요 해외 이주 예정인데 강아지를 어떻게 데려갈지 고민이에요 화물칸이 안전한지 정말 걱정됩니다 보험 가입하시는 게 좋아요 수의사 상담 받아보세요,0.8,positive,1577,42,10
dog,10103,강아지 항공기 태우고 해외 이주 성공기,반려동물 운송 중 사고 소식을 들으니까 정말 불안해지네요. 안전한 항공사가 어디인지 알고 싶어요.,user103,2024.12.23,400,19,"['성공 경험담 공유해드릴게요', '미리 예약하면 할인 받을 수 있어요']",2,강아지 비행기,https://gall.dcinside.com/board/view/?id=dog&no=10103,강아지 항공기 태우고 해외 이주 성공기 반려동물 운송 중 사고 소식을 들으니까 정말 불안해지네요. 안전한 항공사가 어디인지 알고 싶어요.,성공 경험담 공유해드릴게요 미리 예약하면 할인 받을 수 있어요,강아지 항공기 태우고 해외 이주 성공기 반려동물 운송 중 사고 소식을 들으니까 정말 불안해지네요. 안전한 항공사가 어디인지 알고 싶어요. 성공 경험담 공유해드릴게요 미리 예약하면 할인 받을 수 있어요,강아지 항공기 태우고 해외 이주 성공기 반려동물 운송 중 사고 소식을 들으니까 정말 불안해지네요 안전한 항공사가 어디인지 알고 싶어요 성공 경험담 공유해드릴게요 미리 예약하면 할인 받을 수 있어요,0.8,positive,400,19,12
dog,10104,펫캐리어 사이즈 규정 항공사별 정리,반려동물 운송 중 사고 소식을 들으니까 정말 불안해지네요. 안전한 항공사가 어디인지 알고 싶어요.,user104,2024.03.28,1916,47,"['수의사 상담 받아보세요', '화물칸 온도는 일정하게 유지됩니다', '저도 같은 고민이에요', '경험상 대형 항공사가 더 안전해요', '진정제는 오히려 위험할 수 있어요']",5,항공기 반려동물,https://gall.dcinside.com/board/view/?id=dog&no=10104,펫캐리어 사이즈 규정 항공사별 정리 반려동물 운송 중 사고 소식을 들으니까 정말 불안해지네요. 안전한 항공사가 어디인지 알고 싶어요.,수의사 상담 받아보세요 화물칸 온도는 일정하게 유지됩니다 저도 같은 고민이에요 경험상 대형 항공사가 더 안전해요 진정제는 오히려 위험할 수 있어요,펫캐리어 사이즈 규정 항공사별 정리 반려동물 운송 중 사고 소식을 들으니까 정말 불안해지네요. 안전한 항공사가 어디인지 알고 싶어요. 수의사 상담 받아보세요 화물칸 온도는 일정하게 유지됩니다 저도 같은 고민이에요 경험상 대형 항공사가 더 안전해요 진정제는 오히려 위험할 수 있어요,펫캐리어 사이즈 규정 항공사별 정리 반려동물 운송 중 사고 소식을 들으니까 정말 불안해지네요 안전한 항공사가 어디인지 알고 싶어요 수의사 상담 받아보세요 화물칸 온도는 일정하게 유지됩니다 저도 같은 고민이에요 경험상 대형 항공사가 더 안전해요 진정제는 오히려 위험할 수 있어요,0.0,neutral,1916,47,03
dog,10105,고양이 장거리 비행 후 컨디션 회복기,반려동물이 캐리어 안에서 계속 울면 다른 승객들에게 피해가 될까봐 걱정이에요.,user105,2024.03.02,1135,46,"['스트레스 완화용 페로몬 스프레이 추천', '보험 가입하시는 게 좋아요', '미리 예약하면 할인 받을 수 있어요', '여행 전 건강검진 필수입니다']",4,반려동물 항공,https://gall.dcinside.com/board/view/?id=dog&no=10105,고양이 장거리 비행 후 컨디션 회복기 반려동물이 캐리어 안에서 계속 울면 다른 승객들에게 피해가 될까봐 걱정이에요.,스트레스 완화용 페로몬 스프레이 추천 보험 가입하시는 게 좋아요 미리 예약하면 할인 받을 수 있어요 여행 전 건강검진 필수입니다,고양이 장거리 비행 후 컨디션 회복기 반려동물이 캐리어 안에서 계속 울면 다른 승객들에게 피해가 될까봐 걱정이에요. 스트레스 완화용 페로몬 스프레이 추천 보험 가입하시는 게 좋아요 미리 예약하면 할인 받을 수 있어요 여행 전 건강검진 필수입니다,고양이 장거리 비행 후 컨디션 회복기 반려동물이 캐리어 안에서 계속 울면 다른 승객들에게 피해가 될까봐 걱정이에요 스트레스 완화용 페로몬 스프레이 추천 보험 가입하시는 게 좋아요 미리 예약하면 할인 받을 수 있어요 여행 전 건강검진 필수입니다,-0.8,negative,1135,46,03
dog,10106,반려동물 운송 중 사고 뉴스 보고 불안해요,화물칸 온도가 일정하게 유지되는지 궁금해요. 여름철에는 너무 더울까봐 걱정이에요.,user106,2024.01.28,928,14,['화물칸 온도는 일정하게 유지됩니다'],1,고양이 항공기,https://gall.dcinside.com/board/view/?id=dog&no=10106,반려동물 운송 중 사고 뉴스 보고 불안해요 화물칸 온도가 일정하게 유지되는지 궁금해요. 여름철에는 너무 더울까봐 걱정이에요.,화물칸 온도는 일정하게 유지됩니다,반려동물 운송 중 사고 뉴스 보고 불안해요 화물칸 온도가 일정하게 유지되는지 궁금해요. 여름철에는 너무 더울까봐 걱정이에요. 화물칸 온도는 일정하게 유지됩니다,반려동물 운송 중 사고 뉴스 보고 불안해요 화물칸 온도가 일정하게 유지되는지 궁금해요 여름철에는 너무 더울까봐 걱정이에요 화물칸 온도는 일정하게 유지됩니다,-0.6,negative,928,14,01
travel,10107,강아지 항공기 태우고 해외 이주 성공기,진정제를 먹여야 하는지 수의사와 상담했는데 의견이 분분하더라고요. 경험 있으신 분 조언 부탁드려요.,user107,2024.05.02,87,48,"['보험 가입하시는 게 좋아요', '미리 예약하면 할인 받을 수 있어요', '스트레스 완화용 페로몬 스프레이 추천']",3,펫 화물칸,https://gall.dcinside.com/board/view/?id=dog&no=10107,강아지 항공기 태우고 해외 이주 성공기 진정제를 먹여야 하는지 수의사와 상담했는데 의견이 분분하더라고요. 경험 있으신 분 조언 부탁드려요.,보험 가입하시는 게 좋아요 미리 예약하면 할인 받을 수 있어요 스트레스 완화용 페로몬 스프레이 추천,강아지 항공기 태우고 해외 이주 성공기 진정제를 먹여야 하는지 수의사와 상담했는데 의견이 분분하더라고요. 경험 있으신 분 조언 부탁드려요. 보험 가입하시는 게 좋아요 미리 예약하면 할인 받을 수 있어요 스트레스 완화용 페로몬 스프레이 추천,강아지 항공기 태우고 해외 이주 성공기 진정제를 먹여야 하는지 수의사와 상담했는데 의견이 분분하더라고요 경험 있으신 분 조언 부탁드려요 보험 가입하시는 게 좋아요 미리 예약하면 할인 받을 수 있어요 스트레스 완화용 페로몬 스프레이 추천,0.8,positive,87,48,05
cat,10108,반려동물 운송 중 사고 뉴스 보고 불안해요,진정제를 먹여야 하는지 수의사와 상담했는데 의견이 분분하더라고요. 경험 있으신 분 조언 부탁드려요.,user108,2024.07.05,923,46,"['여행 전 건강검진 필수입니다', '스트레스 완화용 페로몬 스프레이 추천', '미리 예약하면 할인 받을 수 있어요', '수의사 상담 받아보세요']",4,항공기 반려동물,https://gall.dcinside.com/board/view/?id=dog&no=10108,반려동물 운송 중 사고 뉴스 보고 불안해요 진정제를 먹여야 하는지 수의사와 상담했는데 의견이 분분하더라고요. 경험 있으신 분 조언 부탁드려요.,여행 전 건강검진 필수입니다 스트레스 완화용 페로몬 스프레이 추천 미리 예약하면 할인 받을 수 있어요 수의사 상담 받아보세요,반려동물 운송 중 사고 뉴스 보고 불안해요 진정제를 먹여야 하는지 수의사와 상담했는데 의견이 분분하더라고요. 경험 있으신 분 조언 부탁드려요. 여행 전 건강검진 필수입니다 스트레스 완화용 페로몬 스프레이 추천 미리 예약하면 할인 받을 수 있어요 수의사 상담 받아보세요,반려동물 운송 중 사고 뉴스 보고 불안해요 진정제를 먹여야 하는지 수의사와 상담했는데 의견이 분분하더라고요 경험 있으신 분 조언 부탁드려요 여행 전 건강검진 필수입니다 스트레스 완화용 페로몬 스프레이 추천 미리 예약하면 할인 받을 수 있어요 수의사 상담 받아보세요,-0.6,negative,923,46,07
cat,10109,반려견 화물칸 운송 후기 - 스트레스 많이 받네요,지난달에 고양이랑 비행기 타고 왔는데 생각보다 스트레스를 많이 받더라고요. 미리 준비를 더 했어야 했나 싶어요.,user109,2024.12.21,1811,21,"['보험 가입하시는 게 좋아요', '미리 예약하면 할인 받을 수 있어요', '화물칸 온도는 일정하게 유지됩니다', '성공 경험담 공유해드릴게요', '여행 전 건강검진 필수입니다']",5,고양이 항공기,https://gall.dcinside.com/board/view/?id=dog&no=10109,반려견 화물칸 운송 후기 - 스트레스 많이 받네요 지난달에 고양이랑 비행기 타고 왔는데 생각보다 스트레스를 많이 받더라고요. 미리 준비를 더 했어야 했나 싶어요.,보험 가입하시는 게 좋아요 미리 예약하면 할인 받을 수 있어요 화물칸 온도는 일정하게 유지됩니다 성공 경험담 공유해드릴게요 여행 전 건강검진 필수입니다,반려견 화물칸 운송 후기 - 스트레스 많이 받네요 지난달에 고양이랑 비행기 타고 왔는데 생각보다 스트레스를 많이 받더라고요. 미리 준비를 더 했어야 했나 싶어요. 보험 가입하시는 게 좋아요 미리 예약하면 할인 받을 수 있어요 화물칸 온도는 일정하게 유지됩니다 성공 경험담 공유해드릴게요 여행 전 건강검진 필수입니다,반려견 화물칸 운송 후기 스트레스 많이 받네요 지난달에 고양이랑 비행기 타고 왔는데 생각보다 스트레스를 많이 받더라고요 미리 준비를 더 했어야 했나 싶어요 보험 가입하시는 게 좋아요 미리 예약하면 할인 받을 수 있어요 화물칸 온도는 일정하게 유지됩니다 성공 경험담 공유해드릴게요 여행 전 건강검진 필수입니다,0.0,neutral,1811,21,12
travel,10110,화물칸 환경이 걱정되는데 괜찮을까요?,반려동물 운송 중 사고 소식을 들으니까 정말 불안해지네요. 안전한 항공사가 어디인지 알고 싶어요.,user110,2024.05.12,1642,19,"['성공 경험담 공유해드릴게요', '진정제는 오히려 위험할 수 있어요', '여행 전 건강검진 필수입니다']",3,고양이 항공기,https://gall.dcinside.com/board/view/?id=dog&no=10110,화물칸 환경이 걱정되는데 괜찮을까요? 반려동물 운송 중 사고 소식을 들으니까 정말 불안해지네요. 안전한 항공사가 어디인지 알고 싶어요.,성공 경험담 공유해드릴게요 진정제는 오히려 위험할 수 있어요 여행 전 건강검진 필수입니다,화물칸 환경이 걱정되는데 괜찮을까요? 반려동물 운송 중 사고 소식을 들으니까 정말 불안해지네요. 안전한 항공사가 어디인지 알고 싶어요. 성공 경험담 공유해드릴게요 진정제는 오히려 위험할 수 있어요 여행 전 건강검진 필수입니다,화물칸 환경이 걱정되는데 괜찮을까요 반려동물 운송 중 사고 소식을 들으니까 정말 불안해지네요 안전한 항공사가 어디인지 알고 싶어요 성공 경험담 공유해드릴게요 진정제는 오히려 위험할 수 있어요 여행 전 건강검진 필수입니다,-0.8,negative,1642,19,05
travel,10111,강아지 항공기 태우고 해외 이주 성공기,반려동물이 캐리어 안에서 계속 울면 다른 승객들에게 피해가 될까봐 걱정이에요.,user111,2024.12.04,1467,45,['스트레스 완화용 페로몬 스프레이 추천'],1,고양이 항공기,https://gall.dcinside.com/board/view/?id=dog&no=10111,강아지 항공기 태우고 해외 이주 성공기 반려동물이 캐리어 안에서 계속 울면 다른 승객들에게 피해가 될까봐 걱정이에요.,스트레스 완화용 페로몬 스프레이 추천,강아지 항공기 태우고 해외 이주 성공기 반려동물이 캐리어 안에서 계속 울면 다른 승객들에게 피해가 될까봐 걱정이에요. 스트레스 완화용 페로몬 스프레이 추천,강아지 항공기 태우고 해외 이주 성공기 반려동물이 캐리어 안에서 계속 울면 다른 승객들에게 피해가 될까봐 걱정이에요 스트레스 완화용 페로몬 스프레이 추천,-0.8,negative,1467,45,12
travel,10112,반려견 화물칸 운송 후기 - 스트레스 많이 받네요,지난달에 고양이랑 비행기 타고 왔는데 생각보다 스트레스를 많이 받더라고요. 미리 준비를 더 했어야 했나 싶어요.,user112,2024.06.25,1300,14,"['스트레스 완화용 페로몬 스프레이 추천', '경험상 대형 항공사가 더 안전해요', '보험 가입하시는 게 좋아요', '저도 같은 고민이에요']",4,펫캐리어,https://gall.dcinside.com/board/view/?id=dog&no=10112,반려견 화물칸 운송 후기 - 스트레스 많이 받네요 지난달에 고양이랑 비행기 타고 왔는데 생각보다 스트레스를 많이 받더라고요. 미리 준비를 더 했어야 했나 싶어요.,스트레스 완화용 페로몬 스프레이 추천 경험상 대형 항공사가 더 안전해요 보험 가입하시는 게 좋아요 저도 같은 고민이에요,반려견 화물칸 운송 후기 - 스트레스 많이 받네요 지난달에 고양이랑 비행기 타고 왔는데 생각보다 스트레스를 많이 받더라고요. 미리 준비를 더 했어야 했나 싶어요. 스트레스 완화용 페로몬 스프레이 추천 경험상 대형 항공사가 더 안전해요 보험 가입하시는 게 좋아요 저도 같은 고민이에요,반려견 화물칸 운송 후기 스트레스 많이 받네요 지난달에 고양이랑 비행기 타고 왔는데 생각보다 스트레스를 많이 받더라고요 미리 준비를 더 했어야 했나 싶어요 스트레스 완화용 페로몬 스프레이 추천 경험상 대형 항공사가 더 안전해요 보험 가입하시는 게 좋아요 저도 같은 고민이에요,0.0,neutral,1300,14,06
dog,10113,반려동물 비행기 여행 실패담,지난달에 고양이랑 비행기 타고 왔는데 생각보다 스트레스를 많이 받더라고요. 미리 준비를 더 했어야 했나 싶어요.,user113,2024.06.16,1864,28,"['보험 가입하시는 게 좋아요', '수의사 상담 받아보세요', '경험상 대형 항공사가 더 안전해요']",3,고양이 항공기,https://gall.dcinside.com/board/view/?id=dog&no=10113,반려동물 비행기 여행 실패담 지난달에 고양이랑 비행기 타고 왔는데 생각보다 스트레스를 많이 받더라고요. 미리 준비를 더 했어야 했나 싶어요.,보험 가입하시는 게 좋아요 수의사 상담 받아보세요 경험상 대형 항공사가 더 안전해요,반려동물 비행기 여행 실패담 지난달에 고양이랑 비행기 타고 왔는데 생각보다 스트레스를 많이 받더라고요. 미리 준비를 더 했어야 했나 싶어요. 보험 가입하시는 게 좋아요 수의사 상담 받아보세요 경험상 대형 항공사가 더 안전해요,반려동물 비행기 여행 실패담 지난달에 고양이랑 비행기 타고 왔는데 생각보다 스트레스를 많이 받더라고요 미리 준비를 더 했어야 했나 싶어요 보험 가입하시는 게 좋아요 수의사 상담 받아보세요 경험상 대형 항공사가 더 안전해요,0.0,neutral,1864,28,06
dog,10114,반려견 화물칸 운송 후기 - 스트레스 많이 받네요,펫캐리어 사이즈 맞춰서 준비했는데 막상 공항에서 규정에 안 맞는다고 하더군요. 미리 확인 필수입니다.,user114,2024.11.17,826,34,"['미리 예약하면 할인 받을 수 있어요', '보험 가입하시는 게 좋아요', '성공 경험담 공유해드릴게요', '화물칸 온도는 일정하게 유지됩니다']",4,반려동물 운송,https://gall.dcinside.com/board/view/?id=dog&no=10114,반려견 화물칸 운송 후기 - 스트레스 많이 받네요 펫캐리어 사이즈 맞춰서 준비했는데 막상 공항에서 규정에 안 맞는다고 하더군요. 미리 확인 필수입니다.,미리 예약하면 할인 받을 수 있어요 보험 가입하시는 게 좋아요 성공 경험담 공유해드릴게요 화물칸 온도는 일정하게 유지됩니다,반려견 화물칸 운송 후기 - 스트레스 많이 받네요 펫캐리어 사이즈 맞춰서 준비했는데 막상 공항에서 규정에 안 맞는다고 하더군요. 미리 확인 필수입니다. 미리 예약하면 할인 받을 수 있어요 보험 가입하시는 게 좋아요 성공 경험담 공유해드릴게요 화물칸 온도는 일정하게 유지됩니다,반려견 화물칸 운송 후기 스트레스 많이 받네요 펫캐리어 사이즈 맞춰서 준비했는데 막상 공항에서 규정에 안 맞는다고 하더군요 미리 확인 필수입니다 미리 예약하면 할인 받을 수 있어요 보험 가입하시는 게 좋아요 성공 경험담 공유해드릴게요 화물칸 온도는 일정하게 유지됩니다,0.6,positive,826,34,11
dog,10115,반려동물 항공 운송비 너무 비싸요,반려동물이 캐리어 안에서 계속 울면 다른 승객들에게 피해가 될까봐 걱정이에요.,user115,2024.04.26,657,24,"['여행 전 건강검진 필수입니다', '성공 경험담 공유해드릴게요', '진정제는 오히려 위험할 수 있어요', '저도 같은 고민이에요']",4,펫캐리어,https://gall.dcinside.com/board/view/?id=dog&no=10115,반려동물 항공 운송비 너무 비싸요 반려동물이 캐리어 안에서 계속 울면 다른 승객들에게 피해가 될까봐 걱정이에요.,여행 전 건강검진 필수입니다 성공 경험담 공유해드릴게요 진정제는 오히려 위험할 수 있어요 저도 같은 고민이에요,반려동물 항공 운송비 너무 비싸요 반려동물이 캐리어 안에서 계속 울면 다른 승객들에게 피해가 될까봐 걱정이에요. 여행 전 건강검진 필수입니다 성공 경험담 공유해드릴게요 진정제는 오히려 위험할 수 있어요 저도 같은 고민이에요,반려동물 항공 운송비 너무 비싸요 반려동물이 캐리어 안에서 계속 울면 다른 승객들에게 피해가 될까봐 걱정이에요 여행 전 건강검진 필수입니다 성공 경험담 공유해드릴게요 진정제는 오히려 위험할 수 있어요 저도 같은 고민이에요,-0.8,negative,657,24,04
dog,10116,강아지 항공기 태우고 해외 이주 성공기,펫 프렌들리한 항공사를 찾고 있는데 추천해주실 수 있나요? 서비스가 좋은 곳으로요.,user116,2024.01.04,109,15,"['수의사 상담 받아보세요', '화물칸 온도는 일정하게 유지됩니다', '보험 가입하시는 게 좋아요']",3,화물칸 스트레스,https://gall.dcinside.com/board/view/?id=dog&no=10116,강아지 항공기 태우고 해외 이주 성공기 펫 프렌들리한 항공사를 찾고 있는데 추천해주실 수 있나요? 서비스가 좋은 곳으로요.,수의사 상담 받아보세요 화물칸 온도는 일정하게 유지됩니다 보험 가입하시는 게 좋아요,강아지 항공기 태우고 해외 이주 성공기 펫 프렌들리한 항공사를 찾고 있는데 추천해주실 수 있나요? 서비스가 좋은 곳으로요. 수의사 상담 받아보세요 화물칸 온도는 일정하게 유지됩니다 보험 가입하시는 게 좋아요,강아지 항공기 태우고 해외 이주 성공기 펫 프렌들리한 항공사를 찾고 있는데 추천해주실 수 있나요 서비스가 좋은 곳으로요 수의사 상담 받아보세요 화물칸 온도는 일정하게 유지됩니다 보험 가입하시는 게 좋아요,0.8,positive,109,15,01
travel,10117,화물칸 환경이 걱정되는데 괜찮을까요?,화물칸 온도가 일정하게 유지되는지 궁금해요. 여름철에는 너무 더울까봐 걱정이에요.,user117,2024.12.26,713,34,"['여행 전 건강검진 필수입니다', '저도 같은 고민이에요', '미리 예약하면 할인 받을 수 있어요', '스트레스 완화용 페로몬 스프레이 추천', '경험상 대형 항공사가 더 안전해요']",5,반려견 여행,https://gall.dcinside.com/board/view/?id=dog&no=10117,화물칸 환경이 걱정되는데 괜찮을까요? 화물칸 온도가 일정하게 유지되는지 궁금해요. 여름철에는 너무 더울까봐 걱정이에요.,여행 전 건강검진 필수입니다 저도 같은 고민이에요 미리 예약하면 할인 받을 수 있어요 스트레스 완화용 페로몬 스프레이 추천 경험상 대형 항공사가 더 안전해요,화물칸 환경이 걱정되는데 괜찮을까요? 화물칸 온도가 일정하게 유지되는지 궁금해요. 여름철에는 너무 더울까봐 걱정이에요. 여행 전 건강검진 필수입니다 저도 같은 고민이에요 미리 예약하면 할인 받을 수 있어요 스트레스 완화용 페로몬 스프레이 추천 경험상 대형 항공사가 더 안전해요,화물칸 환경이 걱정되는데 괜찮을까요 화물칸 온도가 일정하게 유지되는지 궁금해요 여름철에는 너무 더울까봐 걱정이에요 여행 전 건강검진 필수입니다 저도 같은 고민이에요 미리 예약하면 할인 받을 수 있어요 스트레스 완화용 페로몬 스프레이 추천 경험상 대형 항공사가 더 안전해요,-0.8,negative,713,34,12
dog,10118,고양이 항공 운송 준비물 체크리스트,펫캐리어 사이즈 맞춰서 준비했는데 막상 공항에서 규정에 안 맞는다고 하더군요. 미리 확인 필수입니다.,user118,2024.07.26,1519,41,"['화물칸 온도는 일정하게 유지됩니다', '진정제는 오히려 위험할 수 있어요', '보험 가입하시는 게 좋아요']",3,비행기 여행,https://gall.dcinside.com/board/view/?id=dog&no=10118,고양이 항공 운송 준비물 체크리스트 펫캐리어 사이즈 맞춰서 준비했는데 막상 공항에서 규정에 안 맞는다고 하더군요. 미리 확인 필수입니다.,화물칸 온도는 일정하게 유지됩니다 진정제는 오히려 위험할 수 있어요 보험 가입하시는 게 좋아요,고양이 항공 운송 준비물 체크리스트 펫캐리어 사이즈 맞춰서 준비했는데 막상 공항에서 규정에 안 맞는다고 하더군요. 미리 확인 필수입니다. 화물칸 온도는 일정하게 유지됩니다 진정제는 오히려 위험할 수 있어요 보험 가입하시는 게 좋아요,고양이 항공 운송 준비물 체크리스트 펫캐리어 사이즈 맞춰서 준비했는데 막상 공항에서 규정에 안 맞는다고 하더군요 미리 확인 필수입니다 화물칸 온도는 일정하게 유지됩니다 진정제는 오히려 위험할 수 있어요 보험 가입하시는 게 좋아요,0.0,neutral,1519,41,07
cat,10119,화물칸 환경이 걱정되는데 괜찮을까요?,항공 운송비가 생각보다 비싸서 놀랐어요. 다른 방법은 없을까요?,user119,2024.01.15,1334,47,"['보험 가입하시는 게 좋아요', '여행 전 건강검진 필수입니다', '진정제는 오히려 위험할 수 있어요', '수의사 상담 받아보세요']",4,펫캐리어,https://gall.dcinside.com/board/view/?id=dog&no=10119,화물칸 환경이 걱정되는데 괜찮을까요? 항공 운송비가 생각보다 비싸서 놀랐어요. 다른 방법은 없을까요?,보험 가입하시는 게 좋아요 여행 전 건강검진 필수입니다 진정제는 오히려 위험할 수 있어요 수의사 상담 받아보세요,화물칸 환경이 걱정되는데 괜찮을까요? 항공 운송비가 생각보다 비싸서 놀랐어요. 다른 방법은 없을까요? 보험 가입하시는 게 좋아요 여행 전 건강검진 필수입니다 진정제는 오히려 위험할 수 있어요 수의사 상담 받아보세요,화물칸 환경이 걱정되는데 괜찮을까요 항공 운송비가 생각보다 비싸서 놀랐어요 다른 방법은 없을까요 보험 가입하시는 게 좋아요 여행 전 건강검진 필수입니다 진정제는 오히려 위험할 수 있어요 수의사 상담 받아보세요,-0.8,negative,1334,47,01
cat,10120,화물칸 환경이 걱정되는데 괜찮을까요?,장거리 비행 후에 반려동물 컨디션이 어떻게 되는지 궁금합니다. 회복 기간이 얼마나 걸리나요?,user120,2024.09.27,1169,24,['저도 같은 고민이에요'],1,비행기 여행,https://gall.dcinside.com/board/view/?id=dog&no=10120,화물칸 환경이 걱정되는데 괜찮을까요? 장거리 비행 후에 반려동물 컨디션이 어떻게 되는지 궁금합니다. 회복 기간이 얼마나 걸리나요?,저도 같은 고민이에요,화물칸 환경이 걱정되는데 괜찮을까요? 장거리 비행 후에 반려동물 컨디션이 어떻게 되는지 궁금합니다. 회복 기간이 얼마나 걸리나요? 저도 같은 고민이에요,화물칸 환경이 걱정되는데 괜찮을까요 장거리 비행 후에 반려동물 컨디션이 어떻게 되는지 궁금합니다 회복 기간이 얼마나 걸리나요 저도 같은 고민이에요,-0.3,negative,1169,24,09
travel,10121,고양이 장거리 비행 후 컨디션 회복기,반려동물 운송 중 사고 소식을 들으니까 정말 불안해지네요. 안전한 항공사가 어디인지 알고 싶어요.,user121,2024.05.05,1781,27,"['수의사 상담 받아보세요', '경험상 대형 항공사가 더 안전해요', '보험 가입하시는 게 좋아요']",3,고양이 항공기,https://gall.dcinside.com/board/view/?id=dog&no=10121,고양이 장거리 비행 후 컨디션 회복기 반려동물 운송 중 사고 소식을 들으니까 정말 불안해지네요. 안전한 항공사가 어디인지 알고 싶어요.,수의사 상담 받아보세요 경험상 대형 항공사가 더 안전해요 보험 가입하시는 게 좋아요,고양이 장거리 비행 후 컨디션 회복기 반려동물 운송 중 사고 소식을 들으니까 정말 불안해지네요. 안전한 항공사가 어디인지 알고 싶어요. 수의사 상담 받아보세요 경험상 대형 항공사가 더 안전해요 보험 가입하시는 게 좋아요,고양이 장거리 비행 후 컨디션 회복기 반려동물 운송 중 사고 소식을 들으니까 정말 불안해지네요 안전한 항공사가 어디인지 알고 싶어요 수의사 상담 받아보세요 경험상 대형 항공사가 더 안전해요 보험 가입하시는 게 좋아요,0.8,positive,1781,27,05
dog,10122,펫캐리어 사이즈 규정 항공사별 정리,반려동물 운송 중 사고 소식을 들으니까 정말 불안해지네요. 안전한 항공사가 어디인지 알고 싶어요.,user122,2024.05.08,699,4,['수의사 상담 받아보세요'],1,펫 화물칸,https://gall.dcinside.com/board/view/?id=dog&no=10122,펫캐리어 사이즈 규정 항공사별 정리 반려동물 운송 중 사고 소식을 들으니까 정말 불안해지네요. 안전한 항공사가 어디인지 알고 싶어요.,수의사 상담 받아보세요,펫캐리어 사이즈 규정 항공사별 정리 반려동물 운송 중 사고 소식을 들으니까 정말 불안해지네요. 안전한 항공사가 어디인지 알고 싶어요. 수의사 상담 받아보세요,펫캐리어 사이즈 규정 항공사별 정리 반려동물 운송 중 사고 소식을 들으니까 정말 불안해지네요 안전한 항공사가 어디인지 알고 싶어요 수의사 상담 받아보세요,0.0,neutral,699,4,05
dog,10123,화물칸 온도 조절 어떻게 되는지 궁금,지난달에 고양이랑 비행기 타고 왔는데 생각보다 스트레스를 많이 받더라고요. 미리 준비를 더 했어야 했나 싶어요.,user123,2024.02.09,1963,27,"['화물칸 온도는 일정하게 유지됩니다', '여행 전 건강검진 필수입니다', '미리 예약하면 할인 받을 수 있어요', '스트레스 완화용 페로몬 스프레이 추천', '경험상 대형 항공사가 더 안전해요']",5,고양이 항공기,https://gall.dcinside.com/board/view/?id=dog&no=10123,화물칸 온도 조절 어떻게 되는지 궁금 지난달에 고양이랑 비행기 타고 왔는데 생각보다 스트레스를 많이 받더라고요. 미리 준비를 더 했어야 했나 싶어요.,화물칸 온도는 일정하게 유지됩니다 여행 전 건강검진 필수입니다 미리 예약하면 할인 받을 수 있어요 스트레스 완화용 페로몬 스프레이 추천 경험상 대형 항공사가 더 안전해요,화물칸 온도 조절 어떻게 되는지 궁금 지난달에 고양이랑 비행기 타고 왔는데 생각보다 스트레스를 많이 받더라고요. 미리 준비를 더 했어야 했나 싶어요. 화물칸 온도는 일정하게 유지됩니다 여행 전 건강검진 필수입니다 미리 예약하면 할인 받을 수 있어요 스트레스 완화용 페로몬 스프레이 추천 경험상 대형 항공사가 더 안전해요,화물칸 온도 조절 어떻게 되는지 궁금 지난달에 고양이랑 비행기 타고 왔는데 생각보다 스트레스를 많이 받더라고요 미리 준비를 더 했어야 했나 싶어요 화물칸 온도는 일정하게 유지됩니다 여행 전 건강검진 필수입니다 미리 예약하면 할인 받을 수 있어요 스트레스 완화용 페로몬 스프레이 추천 경험상 대형 항공사가 더 안전해요,0.0,neutral,1963,27,02
dog,10124,반려견 화물칸 운송 후기 - 스트레스 많이 받네요,화물칸 온도가 일정하게 유지되는지 궁금해요. 여름철에는 너무 더울까봐 걱정이에요.,user124,2024.07.16,323,26,"['경험상 대형 항공사가 더 안전해요', '스트레스 완화용 페로몬 스프레이 추천', '화물칸 온도는 일정하게 유지됩니다']",3,화물칸 스트레스,https://gall.dcinside.com/board/view/?id=dog&no=10124,반려견 화물칸 운송 후기 - 스트레스 많이 받네요 화물칸 온도가 일정하게 유지되는지 궁금해요. 여름철에는 너무 더울까봐 걱정이에요.,경험상 대형 항공사가 더 안전해요 스트레스 완화용 페로몬 스프레이 추천 화물칸 온도는 일정하게 유지됩니다,반려견 화물칸 운송 후기 - 스트레스 많이 받네요 화물칸 온도가 일정하게 유지되는지 궁금해요. 여름철에는 너무 더울까봐 걱정이에요. 경험상 대형 항공사가 더 안전해요 스트레스 완화용 페로몬 스프레이 추천 화물칸 온도는 일정하게 유지됩니다,반려견 화물칸 운송 후기 스트레스 많이 받네요 화물칸 온도가 일정하게 유지되는지 궁금해요 여름철에는 너무 더울까봐 걱정이에요 경험상 대형 항공사가 더 안전해요 스트레스 완화용 페로몬 스프레이 추천 화물칸 온도는 일정하게 유지됩니다,-0.8,negative,323,26,07
travel,10125,펫캐리어 안에서 강아지가 울면 어떡하죠?,지난달에 고양이랑 비행기 타고 왔는데 생각보다 스트레스를 많이 받더라고요. 미리 준비를 더 했어야 했나 싶어요.,user125,2024.05.23,861,14,"['보험 가입하시는 게 좋아요', '진정제는 오히려 위험할 수 있어요', '미리 예약하면 할인 받을 수 있어요', '성공 경험담 공유해드릴게요', '여행 전 건강검진 필수입니다']",5,비행기 여행,https://gall.dcinside.com/board/view/?id=dog&no=10125,펫캐리어 안에서 강아지가 울면 어떡하죠? 지난달에 고양이랑 비행기 타고 왔는데 생각보다 스트레스를 많이 받더라고요. 미리 준비를 더 했어야 했나 싶어요.,보험 가입하시는 게 좋아요 진정제는 오히려 위험할 수 있어요 미리 예약하면 할인 받을 수 있어요 성공 경험담 공유해드릴게요 여행 전 건강검진 필수입니다,펫캐리어 안에서 강아지가 울면 어떡하죠? 지난달에 고양이랑 비행기 타고 왔는데 생각보다 스트레스를 많이 받더라고요. 미리 준비를 더 했어야 했나 싶어요. 보험 가입하시는 게 좋아요 진정제는 오히려 위험할 수 있어요 미리 예약하면 할인 받을 수 있어요 성공 경험담 공유해드릴게요 여행 전 건강검진 필수입니다,펫캐리어 안에서 강아지가 울면 어떡하죠 지난달에 고양이랑 비행기 타고 왔는데 생각보다 스트레스를 많이 받더라고요 미리 준비를 더 했어야 했나 싶어요 보험 가입하시는 게 좋아요 진정제는 오히려 위험할 수 있어요 미리 예약하면 할인 받을 수 있어요 성공 경험담 공유해드릴게요 여행 전 건강검진 필수입니다,0.0,neutral,861,14,05
dog,10126,반려동물 운송 중 사고 뉴스 보고 불안해요,반려동물 운송 중 사고 소식을 들으니까 정말 불안해지네요. 안전한 항공사가 어디인지 알고 싶어요.,user126,2024.06.10,967,37,['경험상 대형 항공사가 더 안전해요'],1,펫캐리어,https://gall.dcinside.com/board/view/?id=dog&no=10126,반려동물 운송 중 사고 뉴스 보고 불안해요 반려동물 운송 중 사고 소식을 들으니까 정말 불안해지네요. 안전한 항공사가 어디인지 알고 싶어요.,경험상 대형 항공사가 더 안전해요,반려동물 운송 중 사고 뉴스 보고 불안해요 반려동물 운송 중 사고 소식을 들으니까 정말 불안해지네요. 안전한 항공사가 어디인지 알고 싶어요. 경험상 대형 항공사가 더 안전해요,반려동물 운송 중 사고 뉴스 보고 불안해요 반려동물 운송 중 사고 소식을 들으니까 정말 불안해지네요 안전한 항공사가 어디인지 알고 싶어요 경험상 대형 항공사가 더 안전해요,0.0,neutral,967,37,06
cat,10127,펫 친화적인 항공사 추천 부탁드려요,화물칸 온도가 일정하게 유지되는지 궁금해요. 여름철에는 너무 더울까봐 걱정이에요.,user127,2024.09.13,910,23,"['화물칸 온도는 일정하게 유지됩니다', '진정제는 오히려 위험할 수 있어요', '스트레스 완화용 페로몬 스프레이 추천', '보험 가입하시는 게 좋아요']",4,비행기 여행,https://gall.dcinside.com/board/view/?id=dog&no=10127,펫 친화적인 항공사 추천 부탁드려요 화물칸 온도가 일정하게 유지되는지 궁금해요. 여름철에는 너무 더울까봐 걱정이에요.,화물칸 온도는 일정하게 유지됩니다 진정제는 오히려 위험할 수 있어요 스트레스 완화용 페로몬 스프레이 추천 보험 가입하시는 게 좋아요,펫 친화적인 항공사 추천 부탁드려요 화물칸 온도가 일정하게 유지되는지 궁금해요. 여름철에는 너무 더울까봐 걱정이에요. 화물칸 온도는 일정하게 유지됩니다 진정제는 오히려 위험할 수 있어요 스트레스 완화용 페로몬 스프레이 추천 보험 가입하시는 게 좋아요,펫 친화적인 항공사 추천 부탁드려요 화물칸 온도가 일정하게 유지되는지 궁금해요 여름철에는 너무 더울까봐 걱정이에요 화물칸 온도는 일정하게 유지됩니다 진정제는 오히려 위험할 수 있어요 스트레스 완화용 페로몬 스프레이 추천 보험 가입하시는 게 좋아요,0.0,neutral,910,23,09
dog,10128,펫캐리어 사이즈 규정 항공사별 정리,반려동물 운송 중 사고 소식을 들으니까 정말 불안해지네요. 안전한 항공사가 어디인지 알고 싶어요.,user128,2024.08.15,1708,2,"['경험상 대형 항공사가 더 안전해요', '수의사 상담 받아보세요', '스트레스 완화용 페로몬 스프레이 추천', '성공 경험담 공유해드릴게요']",4,화물칸 스트레스,https://gall.dcinside.com/board/view/?id=dog&no=10128,펫캐리어 사이즈 규정 항공사별 정리 반려동물 운송 중 사고 소식을 들으니까 정말 불안해지네요. 안전한 항공사가 어디인지 알고 싶어요.,경험상 대형 항공사가 더 안전해요 수의사 상담 받아보세요 스트레스 완화용 페로몬 스프레이 추천 성공 경험담 공유해드릴게요,펫캐리어 사이즈 규정 항공사별 정리 반려동물 운송 중 사고 소식을 들으니까 정말 불안해지네요. 안전한 항공사가 어디인지 알고 싶어요. 경험상 대형 항공사가 더 안전해요 수의사 상담 받아보세요 스트레스 완화용 페로몬 스프레이 추천 성공 경험담 공유해드릴게요,펫캐리어 사이즈 규정 항공사별 정리 반려동물 운송 중 사고 소식을 들으니까 정말 불안해지네요 안전한 항공사가 어디인지 알고 싶어요 경험상 대형 항공사가 더 안전해요 수의사 상담 받아보세요 스트레스 완화용 페로몬 스프레이 추천 성공 경험담 공유해드릴게요,0.8,positive,1708,2,08
cat,10129,반려동물 항공 운송 관련 보험 있나요?,반려동물 운송 중 사고 소식을 들으니까 정말 불안해지네요. 안전한 항공사가 어디인지 알고 싶어요.,user129,2024.11.28,1517,25,"['여행 전 건강검진 필수입니다', '화물칸 온도는 일정하게 유지됩니다', '성공 경험담 공유해드릴게요', '진정제는 오히려 위험할 수 있어요']",4,강아지 비행기,https://gall.dcinside.com/board/view/?id=dog&no=10129,반려동물 항공 운송 관련 보험 있나요? 반려동물 운송 중 사고 소식을 들으니까 정말 불안해지네요. 안전한 항공사가 어디인지 알고 싶어요.,여행 전 건강검진 필수입니다 화물칸 온도는 일정하게 유지됩니다 성공 경험담 공유해드릴게요 진정제는 오히려 위험할 수 있어요,반려동물 항공 운송 관련 보험 있나요? 반려동물 운송 중 사고 소식을 들으니까 정말 불안해지네요. 안전한 항공사가 어디인지 알고 싶어요. 여행 전 건강검진 필수입니다 화물칸 온도는 일정하게 유지됩니다 성공 경험담 공유해드릴게요 진정제는 오히려 위험할 수 있어요,반려동물 항공 운송 관련 보험 있나요 반려동물 운송 중 사고 소식을 들으니까 정말 불안해지네요 안전한 항공사가 어디인지 알고 싶어요 여행 전 건강검진 필수입니다 화물칸 온도는 일정하게 유지됩니다 성공 경험담 공유해드릴게요 진정제는 오히려 위험할 수 있어요,0.0,neutral,1517,25,11
dog,10130,고양이 항공 운송 준비물 체크리스트,해외 이주 예정인데 강아지를 어떻게 데려갈지 고민이에요. 화물칸이 안전한지 정말 걱정됩니다.,user130,2024.03.16,682,11,['진정제는 오히려 위험할 수 있어요'],1,화물칸 스트레스,https://gall.dcinside.com/board/view/?id=dog&no=10130,고양이 항공 운송 준비물 체크리스트 해외 이주 예정인데 강아지를 어떻게 데려갈지 고민이에요. 화물칸이 안전한지 정말 걱정됩니다.,진정제는 오히려 위험할 수 있어요,고양이 항공 운송 준비물 체크리스트 해외 이주 예정인데 강아지를 어떻게 데려갈지 고민이에요. 화물칸이 안전한지 정말 걱정됩니다. 진정제는 오히려 위험할 수 있어요,고양이 항공 운송 준비물 체크리스트 해외 이주 예정인데 강아지를 어떻게 데려갈지 고민이에요 화물칸이 안전한지 정말 걱정됩니다 진정제는 오히려 위험할 수 있어요,-0.6,negative,682,11,03
travel,10131,펫캐리어 안에서 강아지가 울면 어떡하죠?,화물칸 온도가 일정하게 유지되는지 궁금해요. 여름철에는 너무 더울까봐 걱정이에요.,user131,2024.12.22,1134,22,"['성공 경험담 공유해드릴게요', '경험상 대형 항공사가 더 안전해요']",2,고양이 항공기,https://gall.dcinside.com/board/view/?id=dog&no=10131,펫캐리어 안에서 강아지가 울면 어떡하죠? 화물칸 온도가 일정하게 유지되는지 궁금해요. 여름철에는 너무 더울까봐 걱정이에요.,성공 경험담 공유해드릴게요 경험상 대형 항공사가 더 안전해요,펫캐리어 안에서 강아지가 울면 어떡하죠? 화물칸 온도가 일정하게 유지되는지 궁금해요. 여름철에는 너무 더울까봐 걱정이에요. 성공 경험담 공유해드릴게요 경험상 대형 항공사가 더 안전해요,펫캐리어 안에서 강아지가 울면 어떡하죠 화물칸 온도가 일정하게 유지되는지 궁금해요 여름철에는 너무 더울까봐 걱정이에요 성공 경험담 공유해드릴게요 경험상 대형 항공사가 더 안전해요,0.6,positive,1134,22,12
cat,10132,고양이 항공 운송 준비물 체크리스트,화물칸 온도가 일정하게 유지되는지 궁금해요. 여름철에는 너무 더울까봐 걱정이에요.,user132,2024.03.06,1789,25,"['경험상 대형 항공사가 더 안전해요', '저도 같은 고민이에요', '미리 예약하면 할인 받을 수 있어요', '스트레스 완화용 페로몬 스프레이 추천', '수의사 상담 받아보세요']",5,화물칸 스트레스,https://gall.dcinside.com/board/view/?id=dog&no=10132,고양이 항공 운송 준비물 체크리스트 화물칸 온도가 일정하게 유지되는지 궁금해요. 여름철에는 너무 더울까봐 걱정이에요.,경험상 대형 항공사가 더 안전해요 저도 같은 고민이에요 미리 예약하면 할인 받을 수 있어요 스트레스 완화용 페로몬 스프레이 추천 수의사 상담 받아보세요,고양이 항공 운송 준비물 체크리스트 화물칸 온도가 일정하게 유지되는지 궁금해요. 여름철에는 너무 더울까봐 걱정이에요. 경험상 대형 항공사가 더 안전해요 저도 같은 고민이에요 미리 예약하면 할인 받을 수 있어요 스트레스 완화용 페로몬 스프레이 추천 수의사 상담 받아보세요,고양이 항공 운송 준비물 체크리스트 화물칸 온도가 일정하게 유지되는지 궁금해요 여름철에는 너무 더울까봐 걱정이에요 경험상 대형 항공사가 더 안전해요 저도 같은 고민이에요 미리 예약하면 할인 받을 수 있어요 스트레스 완화용 페로몬 스프레이 추천 수의사 상담 받아보세요,0.0,neutral,1789,25,03
dog,10133,반려동물 항공 운송비 너무 비싸요,펫 프렌들리한 항공사를 찾고 있는데 추천해주실 수 있나요? 서비스가 좋은 곳으로요.,user133,2024.02.03,1291,2,['여행 전 건강검진 필수입니다'],1,강아지 비행기,https://gall.dcinside.com/board/view/?id=dog&no=10133,반려동물 항공 운송비 너무 비싸요 펫 프렌들리한 항공사를 찾고 있는데 추천해주실 수 있나요? 서비스가 좋은 곳으로요.,여행 전 건강검진 필수입니다,반려동물 항공 운송비 너무 비싸요 펫 프렌들리한 항공사를 찾고 있는데 추천해주실 수 있나요? 서비스가 좋은 곳으로요. 여행 전 건강검진 필수입니다,반려동물 항공 운송비 너무 비싸요 펫 프렌들리한 항공사를 찾고 있는데 추천해주실 수 있나요 서비스가 좋은 곳으로요 여행 전 건강검진 필수입니다,0.0,neutral,1291,2,02
dog,10134,화물칸 온도 조절 어떻게 되는지 궁금,화물칸 온도가 일정하게 유지되는지 궁금해요. 여름철에는 너무 더울까봐 걱정이에요.,user134,2024.03.17,223,18,"['여행 전 건강검진 필수입니다', '성공 경험담 공유해드릴게요', '경험상 대형 항공사가 더 안전해요', '저도 같은 고민이에요', '화물칸 온도는 일정하게 유지됩니다']",5,강아지 비행기,https://gall.dcinside.com/board/view/?id=dog&no=10134,화물칸 온도 조절 어떻게 되는지 궁금 화물칸 온도가 일정하게 유지되는지 궁금해요. 여름철에는 너무 더울까봐 걱정이에요.,여행 전 건강검진 필수입니다 성공 경험담 공유해드릴게요 경험상 대형 항공사가 더 안전해요 저도 같은 고민이에요 화물칸 온도는 일정하게 유지됩니다,화물칸 온도 조절 어떻게 되는지 궁금 화물칸 온도가 일정하게 유지되는지 궁금해요. 여름철에는 너무 더울까봐 걱정이에요. 여행 전 건강검진 필수입니다 성공 경험담 공유해드릴게요 경험상 대형 항공사가 더 안전해요 저도 같은 고민이에요 화물칸 온도는 일정하게 유지됩니다,화물칸 온도 조절 어떻게 되는지 궁금 화물칸 온도가 일정하게 유지되는지 궁금해요 여름철에는 너무 더울까봐 걱정이에요 여행 전 건강검진 필수입니다 성공 경험담 공유해드릴게요 경험상 대형 항공사가 더 안전해요 저도 같은 고민이에요 화물칸 온도는 일정하게 유지됩니다,0.6,positive,223,18,03
dog,10135,펫캐리어 사이즈 규정 항공사별 정리,펫캐리어 사이즈 맞춰서 준비했는데 막상 공항에서 규정에 안 맞는다고 하더군요. 미리 확인 필수입니다.,user135,2024.05.12,1977,26,['성공 경험담 공유해드릴게요'],1,반려견 여행,https://gall.dcinside.com/board/view/?id=dog&no=10135,펫캐리어 사이즈 규정 항공사별 정리 펫캐리어 사이즈 맞춰서 준비했는데 막상 공항에서 규정에 안 맞는다고 하더군요. 미리 확인 필수입니다.,성공 경험담 공유해드릴게요,펫캐리어 사이즈 규정 항공사별 정리 펫캐리어 사이즈 맞춰서 준비했는데 막상 공항에서 규정에 안 맞는다고 하더군요. 미리 확인 필수입니다. 성공 경험담 공유해드릴게요,펫캐리어 사이즈 규정 항공사별 정리 펫캐리어 사이즈 맞춰서 준비했는데 막상 공항에서 규정에 안 맞는다고 하더군요 미리 확인 필수입니다 성공 경험담 공유해드릴게요,0.3,positive,1977,26,05
travel,10136,반려동물 항공 운송 관련 보험 있나요?,지난달에 고양이랑 비행기 타고 왔는데 생각보다 스트레스를 많이 받더라고요. 미리 준비를 더 했어야 했나 싶어요.,user136,2024.04.06,1086,21,['보험 가입하시는 게 좋아요'],1,강아지 비행기,https://gall.dcinside.com/board/view/?id=dog&no=10136,반려동물 항공 운송 관련 보험 있나요? 지난달에 고양이랑 비행기 타고 왔는데 생각보다 스트레스를 많이 받더라고요. 미리 준비를 더 했어야 했나 싶어요.,보험 가입하시는 게 좋아요,반려동물 항공 운송 관련 보험 있나요? 지난달에 고양이랑 비행기 타고 왔는데 생각보다 스트레스를 많이 받더라고요. 미리 준비를 더 했어야 했나 싶어요. 보험 가입하시는 게 좋아요,반려동물 항공 운송 관련 보험 있나요 지난달에 고양이랑 비행기 타고 왔는데 생각보다 스트레스를 많이 받더라고요 미리 준비를 더 했어야 했나 싶어요 보험 가입하시는 게 좋아요,0.0,neutral,1086,21,04
dog,10137,펫캐리어 안에서 강아지가 울면 어떡하죠?,장거리 비행 후에 반려동물 컨디션이 어떻게 되는지 궁금합니다. 회복 기간이 얼마나 걸리나요?,user137,2024.09.11,824,16,"['여행 전 건강검진 필수입니다', '성공 경험담 공유해드릴게요', '수의사 상담 받아보세요']",3,펫캐리어,https://gall.dcinside.com/board/view/?id=dog&no=10137,펫캐리어 안에서 강아지가 울면 어떡하죠? 장거리 비행 후에 반려동물 컨디션이 어떻게 되는지 궁금합니다. 회복 기간이 얼마나 걸리나요?,여행 전 건강검진 필수입니다 성공 경험담 공유해드릴게요 수의사 상담 받아보세요,펫캐리어 안에서 강아지가 울면 어떡하죠? 장거리 비행 후에 반려동물 컨디션이 어떻게 되는지 궁금합니다. 회복 기간이 얼마나 걸리나요? 여행 전 건강검진 필수입니다 성공 경험담 공유해드릴게요 수의사 상담 받아보세요,펫캐리어 안에서 강아지가 울면 어떡하죠 장거리 비행 후에 반려동물 컨디션이 어떻게 되는지 궁금합니다 회복 기간이 얼마나 걸리나요 여행 전 건강검진 필수입니다 성공 경험담 공유해드릴게요 수의사 상담 받아보세요,0.3,positive,824,16,09
dog,10138,반려동물 운송 중 사고 뉴스 보고 불안해요,펫 프렌들리한 항공사를 찾고 있는데 추천해주실 수 있나요? 서비스가 좋은 곳으로요.,user138,2024.12.18,1055,3,['여행 전 건강검진 필수입니다'],1,펫 화물칸,https://gall.dcinside.com/board/view/?id=dog&no=10138,반려동물 운송 중 사고 뉴스 보고 불안해요 펫 프렌들리한 항공사를 찾고 있는데 추천해주실 수 있나요? 서비스가 좋은 곳으로요.,여행 전 건강검진 필수입니다,반려동물 운송 중 사고 뉴스 보고 불안해요 펫 프렌들리한 항공사를 찾고 있는데 추천해주실 수 있나요? 서비스가 좋은 곳으로요. 여행 전 건강검진 필수입니다,반려동물 운송 중 사고 뉴스 보고 불안해요 펫 프렌들리한 항공사를 찾고 있는데 추천해주실 수 있나요 서비스가 좋은 곳으로요 여행 전 건강검진 필수입니다,0.0,neutral,1055,3,12
dog,10139,반려견 화물칸 운송 후기 - 스트레스 많이 받네요,화물칸 온도가 일정하게 유지되는지 궁금해요. 여름철에는 너무 더울까봐 걱정이에요.,user139,2024.08.01,1791,26,"['미리 예약하면 할인 받을 수 있어요', '화물칸 온도는 일정하게 유지됩니다', '보험 가입하시는 게 좋아요']",3,반려동물 운송,https://gall.dcinside.com/board/view/?id=dog&no=10139,반려견 화물칸 운송 후기 - 스트레스 많이 받네요 화물칸 온도가 일정하게 유지되는지 궁금해요. 여름철에는 너무 더울까봐 걱정이에요.,미리 예약하면 할인 받을 수 있어요 화물칸 온도는 일정하게 유지됩니다 보험 가입하시는 게 좋아요,반려견 화물칸 운송 후기 - 스트레스 많이 받네요 화물칸 온도가 일정하게 유지되는지 궁금해요. 여름철에는 너무 더울까봐 걱정이에요. 미리 예약하면 할인 받을 수 있어요 화물칸 온도는 일정하게 유지됩니다 보험 가입하시는 게 좋아요,반려견 화물칸 운송 후기 스트레스 많이 받네요 화물칸 온도가 일정하게 유지되는지 궁금해요 여름철에는 너무 더울까봐 걱정이에요 미리 예약하면 할인 받을 수 있어요 화물칸 온도는 일정하게 유지됩니다 보험 가입하시는 게 좋아요,-0.6,negative,1791,26,08
travel,10140,반려동물 항공 운송비 너무 비싸요,펫 프렌들리한 항공사를 찾고 있는데 추천해주실 수 있나요? 서비스가 좋은 곳으로요.,user140,2024.11.05,1565,16,"['화물칸 온도는 일정하게 유지됩니다', '성공 경험담 공유해드릴게요', '진정제는 오히려 위험할 수 있어요']",3,펫캐리어,https://gall.dcinside.com/board/view/?id=dog&no=10140,반려동물 항공 운송비 너무 비싸요 펫 프렌들리한 항공사를 찾고 있는데 추천해주실 수 있나요? 서비스가 좋은 곳으로요.,화물칸 온도는 일정하게 유지됩니다 성공 경험담 공유해드릴게요 진정제는 오히려 위험할 수 있어요,반려동물 항공 운송비 너무 비싸요 펫 프렌들리한 항공사를 찾고 있는데 추천해주실 수 있나요? 서비스가 좋은 곳으로요. 화물칸 온도는 일정하게 유지됩니다 성공 경험담 공유해드릴게요 진정제는 오히려 위험할 수 있어요,반려동물 항공 운송비 너무 비싸요 펫 프렌들리한 항공사를 찾고 있는데 추천해주실 수 있나요 서비스가 좋은 곳으로요 화물칸 온도는 일정하게 유지됩니다 성공 경험담 공유해드릴게요 진정제는 오히려 위험할 수 있어요,0.0,neutral,1565,16,11
dog,10141,고양이 장거리 비행 후 컨디션 회복기,해외 이주 예정인데 강아지를 어떻게 데려갈지 고민이에요. 화물칸이 안전한지 정말 걱정됩니다.,user141,2024.11.01,164,0,"['여행 전 건강검진 필수입니다', '경험상 대형 항공사가 더 안전해요']",2,펫캐리어,https://gall.dcinside.com/board/view/?id=dog&no=10141,고양이 장거리 비행 후 컨디션 회복기 해외 이주 예정인데 강아지를 어떻게 데려갈지 고민이에요. 화물칸이 안전한지 정말 걱정됩니다.,여행 전 건강검진 필수입니다 경험상 대형 항공사가 더 안전해요,고양이 장거리 비행 후 컨디션 회복기 해외 이주 예정인데 강아지를 어떻게 데려갈지 고민이에요. 화물칸이 안전한지 정말 걱정됩니다. 여행 전 건강검진 필수입니다 경험상 대형 항공사가 더 안전해요,고양이 장거리 비행 후 컨디션 회복기 해외 이주 예정인데 강아지를 어떻게 데려갈지 고민이에요 화물칸이 안전한지 정말 걱정됩니다 여행 전 건강검진 필수입니다 경험상 대형 항공사가 더 안전해요,0.6,positive,164,0,11
dog,10142,펫 친화적인 항공사 추천 부탁드려요,해외 이주 예정인데 강아지를 어떻게 데려갈지 고민이에요. 화물칸이 안전한지 정말 걱정됩니다.,user142,2024.07.28,1633,34,"['여행 전 건강검진 필수입니다', '보험 가입하시는 게 좋아요', '수의사 상담 받아보세요', '화물칸 온도는 일정하게 유지됩니다', '저도 같은 고민이에요']",5,고양이 항공기,https://gall.dcinside.com/board/view/?id=dog&no=10142,펫 친화적인 항공사 추천 부탁드려요 해외 이주 예정인데 강아지를 어떻게 데려갈지 고민이에요. 화물칸이 안전한지 정말 걱정됩니다.,여행 전 건강검진 필수입니다 보험 가입하시는 게 좋아요 수의사 상담 받아보세요 화물칸 온도는 일정하게 유지됩니다 저도 같은 고민이에요,펫 친화적인 항공사 추천 부탁드려요 해외 이주 예정인데 강아지를 어떻게 데려갈지 고민이에요. 화물칸이 안전한지 정말 걱정됩니다. 여행 전 건강검진 필수입니다 보험 가입하시는 게 좋아요 수의사 상담 받아보세요 화물칸 온도는 일정하게 유지됩니다 저도 같은 고민이에요,펫 친화적인 항공사 추천 부탁드려요 해외 이주 예정인데 강아지를 어떻게 데려갈지 고민이에요 화물칸이 안전한지 정말 걱정됩니다 여행 전 건강검진 필수입니다 보험 가입하시는 게 좋아요 수의사 상담 받아보세요 화물칸 온도는 일정하게 유지됩니다 저도 같은 고민이에요,0.8,positive,1633,34,07
dog,10143,반려동물 비행기 여행 실패담,진정제를 먹여야 하는지 수의사와 상담했는데 의견이 분분하더라고요. 경험 있으신 분 조언 부탁드려요.,user143,2024.05.11,1312,34,"['여행 전 건강검진 필수입니다', '화물칸 온도는 일정하게 유지됩니다', '성공 경험담 공유해드릴게요']",3,반려동물 운송,https://gall.dcinside.com/board/view/?id=dog&no=10143,반려동물 비행기 여행 실패담 진정제를 먹여야 하는지 수의사와 상담했는데 의견이 분분하더라고요. 경험 있으신 분 조언 부탁드려요.,여행 전 건강검진 필수입니다 화물칸 온도는 일정하게 유지됩니다 성공 경험담 공유해드릴게요,반려동물 비행기 여행 실패담 진정제를 먹여야 하는지 수의사와 상담했는데 의견이 분분하더라고요. 경험 있으신 분 조언 부탁드려요. 여행 전 건강검진 필수입니다 화물칸 온도는 일정하게 유지됩니다 성공 경험담 공유해드릴게요,반려동물 비행기 여행 실패담 진정제를 먹여야 하는지 수의사와 상담했는데 의견이 분분하더라고요 경험 있으신 분 조언 부탁드려요 여행 전 건강검진 필수입니다 화물칸 온도는 일정하게 유지됩니다 성공 경험담 공유해드릴게요,0.0,neutral,1312,34,05
cat,10144,펫캐리어 안에서 강아지가 울면 어떡하죠?,반려동물이 캐리어 안에서 계속 울면 다른 승객들에게 피해가 될까봐 걱정이에요.,user144,2024.04.13,1124,35,"['미리 예약하면 할인 받을 수 있어요', '진정제는 오히려 위험할 수 있어요', '여행 전 건강검진 필수입니다', '수의사 상담 받아보세요']",4,고양이 항공기,https://gall.dcinside.com/board/view/?id=dog&no=10144,펫캐리어 안에서 강아지가 울면 어떡하죠? 반려동물이 캐리어 안에서 계속 울면 다른 승객들에게 피해가 될까봐 걱정이에요.,미리 예약하면 할인 받을 수 있어요 진정제는 오히려 위험할 수 있어요 여행 전 건강검진 필수입니다 수의사 상담 받아보세요,펫캐리어 안에서 강아지가 울면 어떡하죠? 반려동물이 캐리어 안에서 계속 울면 다른 승객들에게 피해가 될까봐 걱정이에요. 미리 예약하면 할인 받을 수 있어요 진정제는 오히려 위험할 수 있어요 여행 전 건강검진 필수입니다 수의사 상담 받아보세요,펫캐리어 안에서 강아지가 울면 어떡하죠 반려동물이 캐리어 안에서 계속 울면 다른 승객들에게 피해가 될까봐 걱정이에요 미리 예약하면 할인 받을 수 있어요 진정제는 오히려 위험할 수 있어요 여행 전 건강검진 필수입니다 수의사 상담 받아보세요,-0.8,negative,1124,35,04
cat,10145,반려동물 항공 운송비 너무 비싸요,지난달에 고양이랑 비행기 타고 왔는데 생각보다 스트레스를 많이 받더라고요. 미리 준비를 더 했어야 했나 싶어요.,user145,2024.04.03,1529,12,"['여행 전 건강검진 필수입니다', '보험 가입하시는 게 좋아요']",2,반려동물 항공,https://gall.dcinside.com/board/view/?id=dog&no=10145,반려동물 항공 운송비 너무 비싸요 지난달에 고양이랑 비행기 타고 왔는데 생각보다 스트레스를 많이 받더라고요. 미리 준비를 더 했어야 했나 싶어요.,여행 전 건강검진 필수입니다 보험 가입하시는 게 좋아요,반려동물 항공 운송비 너무 비싸요 지난달에 고양이랑 비행기 타고 왔는데 생각보다 스트레스를 많이 받더라고요. 미리 준비를 더 했어야 했나 싶어요. 여행 전 건강검진 필수입니다 보험 가입하시는 게 좋아요,반려동물 항공 운송비 너무 비싸요 지난달에 고양이랑 비행기 타고 왔는데 생각보다 스트레스를 많이 받더라고요 미리 준비를 더 했어야 했나 싶어요 여행 전 건강검진 필수입니다 보험 가입하시는 게 좋아요,-0.6,negative,1529,12,04
cat,10146,펫 친화적인 항공사 추천 부탁드려요,반려동물이 캐리어 안에서 계속 울면 다른 승객들에게 피해가 될까봐 걱정이에요.,user146,2024.05.26,1369,4,"['미리 예약하면 할인 받을 수 있어요', '진정제는 오히려 위험할 수 있어요']",2,강아지 비행기,https://gall.dcinside.com/board/view/?id=dog&no=10146,펫 친화적인 항공사 추천 부탁드려요 반려동물이 캐리어 안에서 계속 울면 다른 승객들에게 피해가 될까봐 걱정이에요.,미리 예약하면 할인 받을 수 있어요 진정제는 오히려 위험할 수 있어요,펫 친화적인 항공사 추천 부탁드려요 반려동물이 캐리어 안에서 계속 울면 다른 승객들에게 피해가 될까봐 걱정이에요. 미리 예약하면 할인 받을 수 있어요 진정제는 오히려 위험할 수 있어요,펫 친화적인 항공사 추천 부탁드려요 반려동물이 캐리어 안에서 계속 울면 다른 승객들에게 피해가 될까봐 걱정이에요 미리 예약하면 할인 받을 수 있어요 진정제는 오히려 위험할 수 있어요,-0.8,negative,1369,4,05
dog,10147,고양이 장거리 비행 후 컨디션 회복기,화물칸 온도가 일정하게 유지되는지 궁금해요. 여름철에는 너무 더울까봐 걱정이에요.,user147,2024.12.14,1810,18,"['수의사 상담 받아보세요', '성공 경험담 공유해드릴게요', '스트레스 완화용 페로몬 스프레이 추천']",3,펫캐리어,https://gall.dcinside.com/board/view/?id=dog&no=10147,고양이 장거리 비행 후 컨디션 회복기 화물칸 온도가 일정하게 유지되는지 궁금해요. 여름철에는 너무 더울까봐 걱정이에요.,수의사 상담 받아보세요 성공 경험담 공유해드릴게요 스트레스 완화용 페로몬 스프레이 추천,고양이 장거리 비행 후 컨디션 회복기 화물칸 온도가 일정하게 유지되는지 궁금해요. 여름철에는 너무 더울까봐 걱정이에요. 수의사 상담 받아보세요 성공 경험담 공유해드릴게요 스트레스 완화용 페로몬 스프레이 추천,고양이 장거리 비행 후 컨디션 회복기 화물칸 온도가 일정하게 유지되는지 궁금해요 여름철에는 너무 더울까봐 걱정이에요 수의사 상담 받아보세요 성공 경험담 공유해드릴게요 스트레스 완화용 페로몬 스프레이 추천,0.0,neutral,1810,18,12
dog,10148,반려견 진정제 먹이고 비행기 태워도 되나요?,항공 운송비가 생각보다 비싸서 놀랐어요. 다른 방법은 없을까요?,user148,2024.06.16,402,38,"['화물칸 온도는 일정하게 유지됩니다', '경험상 대형 항공사가 더 안전해요', '여행 전 건강검진 필수입니다']",3,비행기 여행,https://gall.dcinside.com/board/view/?id=dog&no=10148,반려견 진정제 먹이고 비행기 태워도 되나요? 항공 운송비가 생각보다 비싸서 놀랐어요. 다른 방법은 없을까요?,화물칸 온도는 일정하게 유지됩니다 경험상 대형 항공사가 더 안전해요 여행 전 건강검진 필수입니다,반려견 진정제 먹이고 비행기 태워도 되나요? 항공 운송비가 생각보다 비싸서 놀랐어요. 다른 방법은 없을까요? 화물칸 온도는 일정하게 유지됩니다 경험상 대형 항공사가 더 안전해요 여행 전 건강검진 필수입니다,반려견 진정제 먹이고 비행기 태워도 되나요 항공 운송비가 생각보다 비싸서 놀랐어요 다른 방법은 없을까요 화물칸 온도는 일정하게 유지됩니다 경험상 대형 항공사가 더 안전해요 여행 전 건강검진 필수입니다,0.0,neutral,402,38,06
cat,10149,반려동물 항공 운송비 너무 비싸요,반려동물 운송 중 사고 소식을 들으니까 정말 불안해지네요. 안전한 항공사가 어디인지 알고 싶어요.,user149,2024.07.17,1330,29,"['저도 같은 고민이에요', '미리 예약하면 할인 받을 수 있어요']",2,화물칸 스트레스,https://gall.dcinside.com/board/view/?id=dog&no=10149,반려동물 항공 운송비 너무 비싸요 반려동물 운송 중 사고 소식을 들으니까 정말 불안해지네요. 안전한 항공사가 어디인지 알고 싶어요.,저도 같은 고민이에요 미리 예약하면 할인 받을 수 있어요,반려동물 항공 운송비 너무 비싸요 반려동물 운송 중 사고 소식을 들으니까 정말 불안해지네요. 안전한 항공사가 어디인지 알고 싶어요. 저도 같은 고민이에요 미리 예약하면 할인 받을 수 있어요,반려동물 항공 운송비 너무 비싸요 반려동물 운송 중 사고 소식을 들으니까 정말 불안해지네요 안전한 항공사가 어디인지 알고 싶어요 저도 같은 고민이에요 미리 예약하면 할인 받을 수 있어요,-0.6,negative,1330,29,07
