bigram,frequency
battery life,805
build quality,507
video editing,469
form factor,428
screen size,418
finger print,405
optical drive,405
https www,404
input devices,402
reader optical,401
print reader,400
open refurbs,399
weight thinness,399
devices touchpad,399
factor ultrabook,397
drive input,392
refurbs used,390
editing photo,388
list programs,388
prioritize form,388
settings fps,386
indifferent put,385
ultrabook etc,384
touch finger,383
local currency,382
country purchase,382
re certain,379
etc build,378
intel core,375
currency country,375
